site,date,start_hour,value,variable,units,quality,prelim,name 
3810,2017-10-01,0,0.0219,NOX,Parts Per Million ( ppm ),,,San Jose-Knox Avenue                     
3810,2017-10-01,1,0.0140,NOX,Parts Per Million ( ppm ),,,San Jose-Knox Avenue                     
3810,2017-10-01,2,0.0291,NOX,Parts Per Million ( ppm ),,,San Jose-Knox Avenue                     
3810,2017-10-01,4,0.0170,NOX,Parts Per Million ( ppm ),,,San Jose-Knox Avenue                     
3810,2017-10-01,5,0.0227,NOX,Parts Per Million ( ppm ),,,San Jose-Knox Avenue                     
3810,2017-10-01,6,0.0232,NOX,Parts Per Million ( ppm ),,,San Jose-Knox Avenue                     
3810,2017-10-01,7,0.0445,NOX,Parts Per Million ( ppm ),,,San Jose-Knox Avenue                     
3810,2017-10-01,8,0.0294,NOX,Parts Per Million ( ppm ),,,San Jose-Knox Avenue                     
3810,2017-10-01,9,0.0233,NOX,Parts Per Million ( ppm ),,,San Jose-Knox Avenue                     
3810,2017-10-01,10,0.0133,NOX,Parts Per Million ( ppm ),,,San Jose-Knox Avenue                     
3810,2017-10-01,11,0.0114,NOX,Parts Per Million ( ppm ),,,San Jose-Knox Avenue                     
3810,2017-10-01,12,0.0120,NOX,Parts Per Million ( ppm ),,,San Jose-Knox Avenue                     
3810,2017-10-01,13,0.0108,NOX,Parts Per Million ( ppm ),,,San Jose-Knox Avenue                     
3810,2017-10-01,14,0.0128,NOX,Parts Per Million ( ppm ),,,San Jose-Knox Avenue                     
3810,2017-10-01,15,0.0130,NOX,Parts Per Million ( ppm ),,,San Jose-Knox Avenue                     
3810,2017-10-01,16,0.0141,NOX,Parts Per Million ( ppm ),,,San Jose-Knox Avenue                     
3810,2017-10-01,17,0.0119,NOX,Parts Per Million ( ppm ),,,San Jose-Knox Avenue                     
3810,2017-10-01,18,0.0194,NOX,Parts Per Million ( ppm ),,,San Jose-Knox Avenue                     
3810,2017-10-01,19,0.0200,NOX,Parts Per Million ( ppm ),,,San Jose-Knox Avenue                     
3810,2017-10-01,20,0.0188,NOX,Parts Per Million ( ppm ),,,San Jose-Knox Avenue                     
3810,2017-10-01,21,0.0209,NOX,Parts Per Million ( ppm ),,,San Jose-Knox Avenue                     
3810,2017-10-01,22,0.0187,NOX,Parts Per Million ( ppm ),,,San Jose-Knox Avenue                     
3810,2017-10-01,23,0.0225,NOX,Parts Per Million ( ppm ),,,San Jose-Knox Avenue                     
3810,2017-10-02,0,0.0240,NOX,Parts Per Million ( ppm ),,,San Jose-Knox Avenue                     
3810,2017-10-02,1,0.0258,NOX,Parts Per Million ( ppm ),,,San Jose-Knox Avenue                     
3810,2017-10-02,2,0.0256,NOX,Parts Per Million ( ppm ),,,San Jose-Knox Avenue                     
3810,2017-10-02,4,0.0468,NOX,Parts Per Million ( ppm ),,,San Jose-Knox Avenue                     
3810,2017-10-02,5,0.0667,NOX,Parts Per Million ( ppm ),,,San Jose-Knox Avenue                     
3810,2017-10-02,6,0.0808,NOX,Parts Per Million ( ppm ),,,San Jose-Knox Avenue                     
3810,2017-10-02,7,0.0691,NOX,Parts Per Million ( ppm ),,,San Jose-Knox Avenue                     
3810,2017-10-02,8,0.0288,NOX,Parts Per Million ( ppm ),,,San Jose-Knox Avenue                     
3810,2017-10-02,9,0.0226,NOX,Parts Per Million ( ppm ),,,San Jose-Knox Avenue                     
3810,2017-10-02,10,0.0214,NOX,Parts Per Million ( ppm ),,,San Jose-Knox Avenue                     
3810,2017-10-02,11,0.0218,NOX,Parts Per Million ( ppm ),,,San Jose-Knox Avenue                     
3810,2017-10-02,12,0.0239,NOX,Parts Per Million ( ppm ),,,San Jose-Knox Avenue                     
3810,2017-10-02,13,0.0205,NOX,Parts Per Million ( ppm ),,,San Jose-Knox Avenue                     
3810,2017-10-02,14,0.0209,NOX,Parts Per Million ( ppm ),,,San Jose-Knox Avenue                     
3810,2017-10-02,15,0.0203,NOX,Parts Per Million ( ppm ),,,San Jose-Knox Avenue                     
3810,2017-10-02,16,0.0228,NOX,Parts Per Million ( ppm ),,,San Jose-Knox Avenue                     
3810,2017-10-02,17,0.0177,NOX,Parts Per Million ( ppm ),,,San Jose-Knox Avenue                     
3810,2017-10-02,18,0.0289,NOX,Parts Per Million ( ppm ),,,San Jose-Knox Avenue                     
3810,2017-10-02,19,0.0321,NOX,Parts Per Million ( ppm ),,,San Jose-Knox Avenue                     
3810,2017-10-02,20,0.0315,NOX,Parts Per Million ( ppm ),,,San Jose-Knox Avenue                     
3810,2017-10-02,21,0.0247,NOX,Parts Per Million ( ppm ),,,San Jose-Knox Avenue                     
3810,2017-10-02,22,0.0176,NOX,Parts Per Million ( ppm ),,,San Jose-Knox Avenue                     
3810,2017-10-02,23,0.0163,NOX,Parts Per Million ( ppm ),,,San Jose-Knox Avenue                     
3810,2017-10-03,0,0.0205,NOX,Parts Per Million ( ppm ),,,San Jose-Knox Avenue                     
3810,2017-10-03,1,0.0146,NOX,Parts Per Million ( ppm ),,,San Jose-Knox Avenue                     
3810,2017-10-03,2,0.0122,NOX,Parts Per Million ( ppm ),,,San Jose-Knox Avenue                     
3810,2017-10-03,4,0.0382,NOX,Parts Per Million ( ppm ),,,San Jose-Knox Avenue                     
3810,2017-10-03,5,0.0467,NOX,Parts Per Million ( ppm ),,,San Jose-Knox Avenue                     
3810,2017-10-03,6,0.0699,NOX,Parts Per Million ( ppm ),,,San Jose-Knox Avenue                     
3810,2017-10-03,7,0.0266,NOX,Parts Per Million ( ppm ),,,San Jose-Knox Avenue                     
3810,2017-10-03,8,0.0219,NOX,Parts Per Million ( ppm ),,,San Jose-Knox Avenue                     
3810,2017-10-03,9,0.0137,NOX,Parts Per Million ( ppm ),,,San Jose-Knox Avenue                     
3810,2017-10-03,10,0.0222,NOX,Parts Per Million ( ppm ),,,San Jose-Knox Avenue                     
3810,2017-10-03,11,0.0143,NOX,Parts Per Million ( ppm ),,,San Jose-Knox Avenue                     
3810,2017-10-03,12,0.0222,NOX,Parts Per Million ( ppm ),,,San Jose-Knox Avenue                     
3810,2017-10-03,13,0.0214,NOX,Parts Per Million ( ppm ),,,San Jose-Knox Avenue                     
3810,2017-10-03,14,0.0230,NOX,Parts Per Million ( ppm ),,,San Jose-Knox Avenue                     
3810,2017-10-03,15,0.0192,NOX,Parts Per Million ( ppm ),,,San Jose-Knox Avenue                     
3810,2017-10-03,16,0.0177,NOX,Parts Per Million ( ppm ),,,San Jose-Knox Avenue                     
3810,2017-10-03,17,0.0163,NOX,Parts Per Million ( ppm ),,,San Jose-Knox Avenue                     
3810,2017-10-03,18,0.0173,NOX,Parts Per Million ( ppm ),,,San Jose-Knox Avenue                     
3810,2017-10-03,19,0.0376,NOX,Parts Per Million ( ppm ),,,San Jose-Knox Avenue                     
3810,2017-10-03,20,0.0415,NOX,Parts Per Million ( ppm ),,,San Jose-Knox Avenue                     
3810,2017-10-03,21,0.0292,NOX,Parts Per Million ( ppm ),,,San Jose-Knox Avenue                     
3810,2017-10-03,22,0.0224,NOX,Parts Per Million ( ppm ),,,San Jose-Knox Avenue                     
3810,2017-10-03,23,0.0152,NOX,Parts Per Million ( ppm ),,,San Jose-Knox Avenue                     
3810,2017-10-04,0,0.0120,NOX,Parts Per Million ( ppm ),,,San Jose-Knox Avenue                     
3810,2017-10-04,1,0.0123,NOX,Parts Per Million ( ppm ),,,San Jose-Knox Avenue                     
3810,2017-10-04,2,0.0088,NOX,Parts Per Million ( ppm ),,,San Jose-Knox Avenue                     
3810,2017-10-04,4,0.0451,NOX,Parts Per Million ( ppm ),,,San Jose-Knox Avenue                     
3810,2017-10-04,5,0.0533,NOX,Parts Per Million ( ppm ),,,San Jose-Knox Avenue                     
3810,2017-10-04,6,0.0695,NOX,Parts Per Million ( ppm ),,,San Jose-Knox Avenue                     
3810,2017-10-04,7,0.0552,NOX,Parts Per Million ( ppm ),,,San Jose-Knox Avenue                     
3810,2017-10-04,8,0.0318,NOX,Parts Per Million ( ppm ),,,San Jose-Knox Avenue                     
3810,2017-10-04,9,0.0249,NOX,Parts Per Million ( ppm ),,,San Jose-Knox Avenue                     
3810,2017-10-04,10,0.0250,NOX,Parts Per Million ( ppm ),,,San Jose-Knox Avenue                     
3810,2017-10-04,11,0.0282,NOX,Parts Per Million ( ppm ),,,San Jose-Knox Avenue                     
3810,2017-10-04,12,0.0241,NOX,Parts Per Million ( ppm ),,,San Jose-Knox Avenue                     
3810,2017-10-04,13,0.0219,NOX,Parts Per Million ( ppm ),,,San Jose-Knox Avenue                     
3810,2017-10-04,14,0.0259,NOX,Parts Per Million ( ppm ),,,San Jose-Knox Avenue                     
3810,2017-10-04,15,0.0241,NOX,Parts Per Million ( ppm ),,,San Jose-Knox Avenue                     
3810,2017-10-04,16,0.0274,NOX,Parts Per Million ( ppm ),,,San Jose-Knox Avenue                     
3810,2017-10-04,17,0.0248,NOX,Parts Per Million ( ppm ),,,San Jose-Knox Avenue                     
3810,2017-10-04,18,0.0284,NOX,Parts Per Million ( ppm ),,,San Jose-Knox Avenue                     
3810,2017-10-04,19,0.0200,NOX,Parts Per Million ( ppm ),,,San Jose-Knox Avenue                     
3810,2017-10-04,20,0.0286,NOX,Parts Per Million ( ppm ),,,San Jose-Knox Avenue                     
3810,2017-10-04,21,0.0215,NOX,Parts Per Million ( ppm ),,,San Jose-Knox Avenue                     
3810,2017-10-04,22,0.0224,NOX,Parts Per Million ( ppm ),,,San Jose-Knox Avenue                     
3810,2017-10-04,23,0.0214,NOX,Parts Per Million ( ppm ),,,San Jose-Knox Avenue                     
3810,2017-10-05,0,0.0198,NOX,Parts Per Million ( ppm ),,,San Jose-Knox Avenue                     
3810,2017-10-05,1,0.0193,NOX,Parts Per Million ( ppm ),,,San Jose-Knox Avenue                     
3810,2017-10-05,2,0.0145,NOX,Parts Per Million ( ppm ),,,San Jose-Knox Avenue                     
3810,2017-10-05,4,0.0649,NOX,Parts Per Million ( ppm ),,,San Jose-Knox Avenue                     
3810,2017-10-05,5,0.0724,NOX,Parts Per Million ( ppm ),,,San Jose-Knox Avenue                     
3810,2017-10-05,6,0.0987,NOX,Parts Per Million ( ppm ),,,San Jose-Knox Avenue                     
3810,2017-10-05,7,0.0758,NOX,Parts Per Million ( ppm ),,,San Jose-Knox Avenue                     
3810,2017-10-05,8,0.0743,NOX,Parts Per Million ( ppm ),,,San Jose-Knox Avenue                     
3810,2017-10-05,9,0.0560,NOX,Parts Per Million ( ppm ),,,San Jose-Knox Avenue                     
3810,2017-10-05,10,0.0416,NOX,Parts Per Million ( ppm ),,,San Jose-Knox Avenue                     
3810,2017-10-05,11,0.0352,NOX,Parts Per Million ( ppm ),,,San Jose-Knox Avenue                     
3810,2017-10-05,12,0.0329,NOX,Parts Per Million ( ppm ),,,San Jose-Knox Avenue                     
3810,2017-10-05,13,0.0288,NOX,Parts Per Million ( ppm ),,,San Jose-Knox Avenue                     
3810,2017-10-05,14,0.0264,NOX,Parts Per Million ( ppm ),,,San Jose-Knox Avenue                     
3810,2017-10-05,15,0.0228,NOX,Parts Per Million ( ppm ),,,San Jose-Knox Avenue                     
3810,2017-10-05,16,0.0275,NOX,Parts Per Million ( ppm ),,,San Jose-Knox Avenue                     
3810,2017-10-05,17,0.0268,NOX,Parts Per Million ( ppm ),,,San Jose-Knox Avenue                     
3810,2017-10-05,18,0.0343,NOX,Parts Per Million ( ppm ),,,San Jose-Knox Avenue                     
3810,2017-10-05,19,0.0273,NOX,Parts Per Million ( ppm ),,,San Jose-Knox Avenue                     
3810,2017-10-05,20,0.0325,NOX,Parts Per Million ( ppm ),,,San Jose-Knox Avenue                     
3810,2017-10-05,21,0.0371,NOX,Parts Per Million ( ppm ),,,San Jose-Knox Avenue                     
3810,2017-10-05,22,0.0286,NOX,Parts Per Million ( ppm ),,,San Jose-Knox Avenue                     
3810,2017-10-05,23,0.0283,NOX,Parts Per Million ( ppm ),,,San Jose-Knox Avenue                     
3810,2017-10-06,0,0.0250,NOX,Parts Per Million ( ppm ),,,San Jose-Knox Avenue                     
3810,2017-10-06,1,0.0439,NOX,Parts Per Million ( ppm ),,,San Jose-Knox Avenue                     
3810,2017-10-06,2,0.0450,NOX,Parts Per Million ( ppm ),,,San Jose-Knox Avenue                     
3810,2017-10-06,4,0.0691,NOX,Parts Per Million ( ppm ),,,San Jose-Knox Avenue                     
3810,2017-10-06,5,0.1039,NOX,Parts Per Million ( ppm ),,,San Jose-Knox Avenue                     
3810,2017-10-06,6,0.1040,NOX,Parts Per Million ( ppm ),,,San Jose-Knox Avenue                     
3810,2017-10-06,7,0.1011,NOX,Parts Per Million ( ppm ),,,San Jose-Knox Avenue                     
3810,2017-10-06,8,0.0712,NOX,Parts Per Million ( ppm ),,,San Jose-Knox Avenue                     
3810,2017-10-06,9,0.0556,NOX,Parts Per Million ( ppm ),,,San Jose-Knox Avenue                     
3810,2017-10-06,10,0.0432,NOX,Parts Per Million ( ppm ),,,San Jose-Knox Avenue                     
3810,2017-10-06,11,0.0470,NOX,Parts Per Million ( ppm ),,,San Jose-Knox Avenue                     
3810,2017-10-06,12,0.0428,NOX,Parts Per Million ( ppm ),,,San Jose-Knox Avenue                     
3810,2017-10-06,13,0.0245,NOX,Parts Per Million ( ppm ),,,San Jose-Knox Avenue                     
3810,2017-10-06,14,0.0240,NOX,Parts Per Million ( ppm ),,,San Jose-Knox Avenue                     
3810,2017-10-06,15,0.0216,NOX,Parts Per Million ( ppm ),,,San Jose-Knox Avenue                     
3810,2017-10-06,16,0.0285,NOX,Parts Per Million ( ppm ),,,San Jose-Knox Avenue                     
3810,2017-10-06,17,0.0330,NOX,Parts Per Million ( ppm ),,,San Jose-Knox Avenue                     
3810,2017-10-06,18,0.0459,NOX,Parts Per Million ( ppm ),,,San Jose-Knox Avenue                     
3810,2017-10-06,19,0.0551,NOX,Parts Per Million ( ppm ),,,San Jose-Knox Avenue                     
3810,2017-10-06,20,0.0661,NOX,Parts Per Million ( ppm ),,,San Jose-Knox Avenue                     
3810,2017-10-06,21,0.0530,NOX,Parts Per Million ( ppm ),,,San Jose-Knox Avenue                     
3810,2017-10-06,22,0.0606,NOX,Parts Per Million ( ppm ),,,San Jose-Knox Avenue                     
3810,2017-10-06,23,0.0424,NOX,Parts Per Million ( ppm ),,,San Jose-Knox Avenue                     
3810,2017-10-07,0,0.0278,NOX,Parts Per Million ( ppm ),,,San Jose-Knox Avenue                     
3810,2017-10-07,1,0.0489,NOX,Parts Per Million ( ppm ),,,San Jose-Knox Avenue                     
3810,2017-10-07,2,0.0411,NOX,Parts Per Million ( ppm ),,,San Jose-Knox Avenue                     
3810,2017-10-07,4,0.0573,NOX,Parts Per Million ( ppm ),,,San Jose-Knox Avenue                     
3810,2017-10-07,5,0.0637,NOX,Parts Per Million ( ppm ),,,San Jose-Knox Avenue                     
3810,2017-10-07,6,0.0796,NOX,Parts Per Million ( ppm ),,,San Jose-Knox Avenue                     
3810,2017-10-07,7,0.0783,NOX,Parts Per Million ( ppm ),,,San Jose-Knox Avenue                     
3810,2017-10-07,8,0.0482,NOX,Parts Per Million ( ppm ),,,San Jose-Knox Avenue                     
3810,2017-10-07,9,0.0504,NOX,Parts Per Million ( ppm ),,,San Jose-Knox Avenue                     
3810,2017-10-07,10,0.0471,NOX,Parts Per Million ( ppm ),,,San Jose-Knox Avenue                     
3810,2017-10-07,11,0.0264,NOX,Parts Per Million ( ppm ),,,San Jose-Knox Avenue                     
3810,2017-10-07,12,0.0223,NOX,Parts Per Million ( ppm ),,,San Jose-Knox Avenue                     
3810,2017-10-07,13,0.0226,NOX,Parts Per Million ( ppm ),,,San Jose-Knox Avenue                     
3810,2017-10-07,14,0.0164,NOX,Parts Per Million ( ppm ),,,San Jose-Knox Avenue                     
3810,2017-10-07,15,0.0166,NOX,Parts Per Million ( ppm ),,,San Jose-Knox Avenue                     
3810,2017-10-07,16,0.0184,NOX,Parts Per Million ( ppm ),,,San Jose-Knox Avenue                     
3810,2017-10-07,17,0.0148,NOX,Parts Per Million ( ppm ),,,San Jose-Knox Avenue                     
3810,2017-10-07,18,0.0214,NOX,Parts Per Million ( ppm ),,,San Jose-Knox Avenue                     
3810,2017-10-07,19,0.0249,NOX,Parts Per Million ( ppm ),,,San Jose-Knox Avenue                     
3810,2017-10-07,20,0.0267,NOX,Parts Per Million ( ppm ),,,San Jose-Knox Avenue                     
3810,2017-10-07,21,0.0214,NOX,Parts Per Million ( ppm ),,,San Jose-Knox Avenue                     
3810,2017-10-07,22,0.0220,NOX,Parts Per Million ( ppm ),,,San Jose-Knox Avenue                     
3810,2017-10-07,23,0.0207,NOX,Parts Per Million ( ppm ),,,San Jose-Knox Avenue                     
3810,2017-10-08,0,0.0185,NOX,Parts Per Million ( ppm ),,,San Jose-Knox Avenue                     
3810,2017-10-08,1,0.0212,NOX,Parts Per Million ( ppm ),,,San Jose-Knox Avenue                     
3810,2017-10-08,2,0.0219,NOX,Parts Per Million ( ppm ),,,San Jose-Knox Avenue                     
3810,2017-10-08,4,0.0184,NOX,Parts Per Million ( ppm ),,,San Jose-Knox Avenue                     
3810,2017-10-08,5,0.0149,NOX,Parts Per Million ( ppm ),,,San Jose-Knox Avenue                     
3810,2017-10-08,6,0.0264,NOX,Parts Per Million ( ppm ),,,San Jose-Knox Avenue                     
3810,2017-10-08,7,0.0293,NOX,Parts Per Million ( ppm ),,,San Jose-Knox Avenue                     
3810,2017-10-08,8,0.0223,NOX,Parts Per Million ( ppm ),,,San Jose-Knox Avenue                     
3810,2017-10-08,9,0.0205,NOX,Parts Per Million ( ppm ),,,San Jose-Knox Avenue                     
3810,2017-10-08,10,0.0214,NOX,Parts Per Million ( ppm ),,,San Jose-Knox Avenue                     
3810,2017-10-08,11,0.0131,NOX,Parts Per Million ( ppm ),,,San Jose-Knox Avenue                     
3810,2017-10-08,12,0.0068,NOX,Parts Per Million ( ppm ),,,San Jose-Knox Avenue                     
3810,2017-10-08,13,0.0107,NOX,Parts Per Million ( ppm ),,,San Jose-Knox Avenue                     
3810,2017-10-08,14,0.0126,NOX,Parts Per Million ( ppm ),,,San Jose-Knox Avenue                     
3810,2017-10-08,15,0.0068,NOX,Parts Per Million ( ppm ),,,San Jose-Knox Avenue                     
3810,2017-10-08,16,0.0045,NOX,Parts Per Million ( ppm ),,,San Jose-Knox Avenue                     
3810,2017-10-08,17,0.0054,NOX,Parts Per Million ( ppm ),,,San Jose-Knox Avenue                     
3810,2017-10-08,18,0.0074,NOX,Parts Per Million ( ppm ),,,San Jose-Knox Avenue                     
3810,2017-10-08,19,0.0170,NOX,Parts Per Million ( ppm ),,,San Jose-Knox Avenue                     
3810,2017-10-08,20,0.0397,NOX,Parts Per Million ( ppm ),,,San Jose-Knox Avenue                     
3810,2017-10-08,21,0.0466,NOX,Parts Per Million ( ppm ),,,San Jose-Knox Avenue                     
3810,2017-10-08,22,0.0453,NOX,Parts Per Million ( ppm ),,,San Jose-Knox Avenue                     
3810,2017-10-08,23,0.0200,NOX,Parts Per Million ( ppm ),,,San Jose-Knox Avenue                     
3810,2017-10-09,0,0.0083,NOX,Parts Per Million ( ppm ),,,San Jose-Knox Avenue                     
3810,2017-10-09,1,0.0004,NOX,Parts Per Million ( ppm ),,,San Jose-Knox Avenue                     
3810,2017-10-09,2,0.0026,NOX,Parts Per Million ( ppm ),,,San Jose-Knox Avenue                     
3810,2017-10-09,4,0.0153,NOX,Parts Per Million ( ppm ),,,San Jose-Knox Avenue                     
3810,2017-10-09,5,0.0705,NOX,Parts Per Million ( ppm ),,,San Jose-Knox Avenue                     
3810,2017-10-09,6,0.0756,NOX,Parts Per Million ( ppm ),,,San Jose-Knox Avenue                     
3810,2017-10-09,7,0.0569,NOX,Parts Per Million ( ppm ),,,San Jose-Knox Avenue                     
3810,2017-10-09,8,0.0685,NOX,Parts Per Million ( ppm ),,,San Jose-Knox Avenue                     
3810,2017-10-09,9,0.0326,NOX,Parts Per Million ( ppm ),,,San Jose-Knox Avenue                     
3810,2017-10-09,10,0.0341,NOX,Parts Per Million ( ppm ),,,San Jose-Knox Avenue                     
3810,2017-10-09,11,0.0208,NOX,Parts Per Million ( ppm ),,,San Jose-Knox Avenue                     
3810,2017-10-09,12,0.0191,NOX,Parts Per Million ( ppm ),,,San Jose-Knox Avenue                     
3810,2017-10-09,13,0.0157,NOX,Parts Per Million ( ppm ),,,San Jose-Knox Avenue                     
3810,2017-10-09,14,0.0222,NOX,Parts Per Million ( ppm ),,,San Jose-Knox Avenue                     
3810,2017-10-09,15,0.0292,NOX,Parts Per Million ( ppm ),,,San Jose-Knox Avenue                     
3810,2017-10-09,16,0.0223,NOX,Parts Per Million ( ppm ),,,San Jose-Knox Avenue                     
3810,2017-10-09,17,0.0207,NOX,Parts Per Million ( ppm ),,,San Jose-Knox Avenue                     
3810,2017-10-09,18,0.0308,NOX,Parts Per Million ( ppm ),,,San Jose-Knox Avenue                     
3810,2017-10-09,19,0.0278,NOX,Parts Per Million ( ppm ),,,San Jose-Knox Avenue                     
3810,2017-10-09,20,0.0331,NOX,Parts Per Million ( ppm ),,,San Jose-Knox Avenue                     
3810,2017-10-09,21,0.0403,NOX,Parts Per Million ( ppm ),,,San Jose-Knox Avenue                     
3810,2017-10-09,22,0.0243,NOX,Parts Per Million ( ppm ),,,San Jose-Knox Avenue                     
3810,2017-10-09,23,0.0191,NOX,Parts Per Million ( ppm ),,,San Jose-Knox Avenue                     
3810,2017-10-10,0,0.0314,NOX,Parts Per Million ( ppm ),,,San Jose-Knox Avenue                     
3810,2017-10-10,1,0.0238,NOX,Parts Per Million ( ppm ),,,San Jose-Knox Avenue                     
3810,2017-10-10,2,0.0353,NOX,Parts Per Million ( ppm ),,,San Jose-Knox Avenue                     
3810,2017-10-10,4,0.0371,NOX,Parts Per Million ( ppm ),,,San Jose-Knox Avenue                     
3810,2017-10-10,5,0.0898,NOX,Parts Per Million ( ppm ),,,San Jose-Knox Avenue                     
3810,2017-10-10,6,0.1150,NOX,Parts Per Million ( ppm ),,,San Jose-Knox Avenue                     
3810,2017-10-10,7,0.0928,NOX,Parts Per Million ( ppm ),,,San Jose-Knox Avenue                     
3810,2017-10-10,8,0.0583,NOX,Parts Per Million ( ppm ),,,San Jose-Knox Avenue                     
3810,2017-10-10,9,0.0697,NOX,Parts Per Million ( ppm ),,,San Jose-Knox Avenue                     
3810,2017-10-10,10,0.0598,NOX,Parts Per Million ( ppm ),,,San Jose-Knox Avenue                     
3810,2017-10-10,11,0.0493,NOX,Parts Per Million ( ppm ),,,San Jose-Knox Avenue                     
3810,2017-10-10,12,0.0319,NOX,Parts Per Million ( ppm ),,,San Jose-Knox Avenue                     
3810,2017-10-10,13,0.0321,NOX,Parts Per Million ( ppm ),,,San Jose-Knox Avenue                     
3810,2017-10-10,14,0.0320,NOX,Parts Per Million ( ppm ),,,San Jose-Knox Avenue                     
3810,2017-10-10,15,0.0303,NOX,Parts Per Million ( ppm ),,,San Jose-Knox Avenue                     
3810,2017-10-10,16,0.0292,NOX,Parts Per Million ( ppm ),,,San Jose-Knox Avenue                     
3810,2017-10-10,17,0.0371,NOX,Parts Per Million ( ppm ),,,San Jose-Knox Avenue                     
3810,2017-10-10,18,0.0395,NOX,Parts Per Million ( ppm ),,,San Jose-Knox Avenue                     
3810,2017-10-10,19,0.0323,NOX,Parts Per Million ( ppm ),,,San Jose-Knox Avenue                     
3810,2017-10-10,20,0.0257,NOX,Parts Per Million ( ppm ),,,San Jose-Knox Avenue                     
3810,2017-10-10,21,0.0217,NOX,Parts Per Million ( ppm ),,,San Jose-Knox Avenue                     
3810,2017-10-10,22,0.0175,NOX,Parts Per Million ( ppm ),,,San Jose-Knox Avenue                     
3810,2017-10-10,23,0.0138,NOX,Parts Per Million ( ppm ),,,San Jose-Knox Avenue                     
3810,2017-10-11,0,0.0099,NOX,Parts Per Million ( ppm ),,,San Jose-Knox Avenue                     
3810,2017-10-11,1,0.0100,NOX,Parts Per Million ( ppm ),,,San Jose-Knox Avenue                     
3810,2017-10-11,2,0.0129,NOX,Parts Per Million ( ppm ),,,San Jose-Knox Avenue                     
3810,2017-10-11,4,0.0288,NOX,Parts Per Million ( ppm ),,,San Jose-Knox Avenue                     
3810,2017-10-11,5,0.0484,NOX,Parts Per Million ( ppm ),,,San Jose-Knox Avenue                     
3810,2017-10-11,6,0.0473,NOX,Parts Per Million ( ppm ),,,San Jose-Knox Avenue                     
3810,2017-10-11,7,0.0427,NOX,Parts Per Million ( ppm ),,,San Jose-Knox Avenue                     
3810,2017-10-11,8,0.0311,NOX,Parts Per Million ( ppm ),,,San Jose-Knox Avenue                     
3810,2017-10-11,9,0.0325,NOX,Parts Per Million ( ppm ),,,San Jose-Knox Avenue                     
3810,2017-10-11,10,0.0313,NOX,Parts Per Million ( ppm ),,,San Jose-Knox Avenue                     
3810,2017-10-11,11,0.0316,NOX,Parts Per Million ( ppm ),,,San Jose-Knox Avenue                     
3810,2017-10-11,12,0.0343,NOX,Parts Per Million ( ppm ),,,San Jose-Knox Avenue                     
3810,2017-10-11,13,0.0341,NOX,Parts Per Million ( ppm ),,,San Jose-Knox Avenue                     
3810,2017-10-11,14,0.0297,NOX,Parts Per Million ( ppm ),,,San Jose-Knox Avenue                     
3810,2017-10-11,15,0.0285,NOX,Parts Per Million ( ppm ),,,San Jose-Knox Avenue                     
3810,2017-10-11,16,0.0240,NOX,Parts Per Million ( ppm ),,,San Jose-Knox Avenue                     
3810,2017-10-11,17,0.0173,NOX,Parts Per Million ( ppm ),,,San Jose-Knox Avenue                     
3810,2017-10-11,18,0.0240,NOX,Parts Per Million ( ppm ),,,San Jose-Knox Avenue                     
3810,2017-10-11,19,0.0213,NOX,Parts Per Million ( ppm ),,,San Jose-Knox Avenue                     
3810,2017-10-11,20,0.0330,NOX,Parts Per Million ( ppm ),,,San Jose-Knox Avenue                     
3810,2017-10-11,21,0.0257,NOX,Parts Per Million ( ppm ),,,San Jose-Knox Avenue                     
3810,2017-10-11,22,0.0212,NOX,Parts Per Million ( ppm ),,,San Jose-Knox Avenue                     
3810,2017-10-11,23,0.0213,NOX,Parts Per Million ( ppm ),,,San Jose-Knox Avenue                     
3810,2017-10-12,0,0.0237,NOX,Parts Per Million ( ppm ),,,San Jose-Knox Avenue                     
3810,2017-10-12,1,0.0358,NOX,Parts Per Million ( ppm ),,,San Jose-Knox Avenue                     
3810,2017-10-12,2,0.0222,NOX,Parts Per Million ( ppm ),,,San Jose-Knox Avenue                     
3810,2017-10-12,4,0.0421,NOX,Parts Per Million ( ppm ),,,San Jose-Knox Avenue                     
3810,2017-10-12,5,0.0455,NOX,Parts Per Million ( ppm ),,,San Jose-Knox Avenue                     
3810,2017-10-12,6,0.0618,NOX,Parts Per Million ( ppm ),,,San Jose-Knox Avenue                     
3810,2017-10-12,7,0.0708,NOX,Parts Per Million ( ppm ),,,San Jose-Knox Avenue                     
3810,2017-10-12,8,0.0771,NOX,Parts Per Million ( ppm ),,,San Jose-Knox Avenue                     
3810,2017-10-12,9,0.0603,NOX,Parts Per Million ( ppm ),,,San Jose-Knox Avenue                     
3810,2017-10-12,10,0.0286,NOX,Parts Per Million ( ppm ),,,San Jose-Knox Avenue                     
3810,2017-10-12,11,0.0237,NOX,Parts Per Million ( ppm ),,,San Jose-Knox Avenue                     
3810,2017-10-12,12,0.0229,NOX,Parts Per Million ( ppm ),,,San Jose-Knox Avenue                     
3810,2017-10-12,13,0.0225,NOX,Parts Per Million ( ppm ),,,San Jose-Knox Avenue                     
3810,2017-10-12,14,0.0254,NOX,Parts Per Million ( ppm ),,,San Jose-Knox Avenue                     
3810,2017-10-12,15,0.0279,NOX,Parts Per Million ( ppm ),,,San Jose-Knox Avenue                     
3810,2017-10-12,16,0.0282,NOX,Parts Per Million ( ppm ),,,San Jose-Knox Avenue                     
3810,2017-10-12,17,0.0333,NOX,Parts Per Million ( ppm ),,,San Jose-Knox Avenue                     
3810,2017-10-12,18,0.0355,NOX,Parts Per Million ( ppm ),,,San Jose-Knox Avenue                     
3810,2017-10-12,19,0.0324,NOX,Parts Per Million ( ppm ),,,San Jose-Knox Avenue                     
3810,2017-10-12,20,0.0444,NOX,Parts Per Million ( ppm ),,,San Jose-Knox Avenue                     
3810,2017-10-12,21,0.0385,NOX,Parts Per Million ( ppm ),,,San Jose-Knox Avenue                     
3810,2017-10-12,22,0.0280,NOX,Parts Per Million ( ppm ),,,San Jose-Knox Avenue                     
3810,2017-10-12,23,0.0288,NOX,Parts Per Million ( ppm ),,,San Jose-Knox Avenue                     
3810,2017-10-13,0,0.0270,NOX,Parts Per Million ( ppm ),,,San Jose-Knox Avenue                     
3810,2017-10-13,1,0.0260,NOX,Parts Per Million ( ppm ),,,San Jose-Knox Avenue                     
3810,2017-10-13,2,0.0236,NOX,Parts Per Million ( ppm ),,,San Jose-Knox Avenue                     
3810,2017-10-13,4,0.0485,NOX,Parts Per Million ( ppm ),,,San Jose-Knox Avenue                     
3810,2017-10-13,5,0.0811,NOX,Parts Per Million ( ppm ),,,San Jose-Knox Avenue                     
3810,2017-10-13,6,0.1367,NOX,Parts Per Million ( ppm ),,,San Jose-Knox Avenue                     
3810,2017-10-13,7,0.0977,NOX,Parts Per Million ( ppm ),,,San Jose-Knox Avenue                     
3810,2017-10-13,8,0.0999,NOX,Parts Per Million ( ppm ),,,San Jose-Knox Avenue                     
3810,2017-10-13,9,0.0618,NOX,Parts Per Million ( ppm ),,,San Jose-Knox Avenue                     
3810,2017-10-13,10,0.0496,NOX,Parts Per Million ( ppm ),,,San Jose-Knox Avenue                     
3810,2017-10-13,11,0.0376,NOX,Parts Per Million ( ppm ),,,San Jose-Knox Avenue                     
3810,2017-10-13,12,0.0264,NOX,Parts Per Million ( ppm ),,,San Jose-Knox Avenue                     
3810,2017-10-13,13,0.0230,NOX,Parts Per Million ( ppm ),,,San Jose-Knox Avenue                     
3810,2017-10-13,14,0.0276,NOX,Parts Per Million ( ppm ),,,San Jose-Knox Avenue                     
3810,2017-10-13,15,0.0289,NOX,Parts Per Million ( ppm ),,,San Jose-Knox Avenue                     
3810,2017-10-13,16,0.0296,NOX,Parts Per Million ( ppm ),,,San Jose-Knox Avenue                     
3810,2017-10-13,17,0.0323,NOX,Parts Per Million ( ppm ),,,San Jose-Knox Avenue                     
3810,2017-10-13,18,0.0243,NOX,Parts Per Million ( ppm ),,,San Jose-Knox Avenue                     
3810,2017-10-13,19,0.0207,NOX,Parts Per Million ( ppm ),,,San Jose-Knox Avenue                     
3810,2017-10-13,20,0.0262,NOX,Parts Per Million ( ppm ),,,San Jose-Knox Avenue                     
3810,2017-10-13,21,0.0359,NOX,Parts Per Million ( ppm ),,,San Jose-Knox Avenue                     
3810,2017-10-13,22,0.0359,NOX,Parts Per Million ( ppm ),,,San Jose-Knox Avenue                     
3810,2017-10-13,23,0.0251,NOX,Parts Per Million ( ppm ),,,San Jose-Knox Avenue                     
3810,2017-10-14,0,0.0425,NOX,Parts Per Million ( ppm ),,,San Jose-Knox Avenue                     
3810,2017-10-14,1,0.0384,NOX,Parts Per Million ( ppm ),,,San Jose-Knox Avenue                     
3810,2017-10-14,2,0.0333,NOX,Parts Per Million ( ppm ),,,San Jose-Knox Avenue                     
3810,2017-10-14,4,0.0242,NOX,Parts Per Million ( ppm ),,,San Jose-Knox Avenue                     
3810,2017-10-14,5,0.0558,NOX,Parts Per Million ( ppm ),,,San Jose-Knox Avenue                     
3810,2017-10-14,6,0.0404,NOX,Parts Per Million ( ppm ),,,San Jose-Knox Avenue                     
3810,2017-10-14,7,0.0487,NOX,Parts Per Million ( ppm ),,,San Jose-Knox Avenue                     
3810,2017-10-14,8,0.0473,NOX,Parts Per Million ( ppm ),,,San Jose-Knox Avenue                     
3810,2017-10-14,9,0.0173,NOX,Parts Per Million ( ppm ),,,San Jose-Knox Avenue                     
3810,2017-10-14,10,0.0109,NOX,Parts Per Million ( ppm ),,,San Jose-Knox Avenue                     
3810,2017-10-14,11,0.0172,NOX,Parts Per Million ( ppm ),,,San Jose-Knox Avenue                     
3810,2017-10-14,12,0.0166,NOX,Parts Per Million ( ppm ),,,San Jose-Knox Avenue                     
3810,2017-10-14,13,0.0157,NOX,Parts Per Million ( ppm ),,,San Jose-Knox Avenue                     
3810,2017-10-14,14,0.0164,NOX,Parts Per Million ( ppm ),,,San Jose-Knox Avenue                     
3810,2017-10-14,15,0.0218,NOX,Parts Per Million ( ppm ),,,San Jose-Knox Avenue                     
3810,2017-10-14,16,0.0236,NOX,Parts Per Million ( ppm ),,,San Jose-Knox Avenue                     
3810,2017-10-14,17,0.0382,NOX,Parts Per Million ( ppm ),,,San Jose-Knox Avenue                     
3810,2017-10-14,18,0.0455,NOX,Parts Per Million ( ppm ),,,San Jose-Knox Avenue                     
3810,2017-10-14,19,0.0387,NOX,Parts Per Million ( ppm ),,,San Jose-Knox Avenue                     
3810,2017-10-14,20,0.0310,NOX,Parts Per Million ( ppm ),,,San Jose-Knox Avenue                     
3810,2017-10-14,21,0.0305,NOX,Parts Per Million ( ppm ),,,San Jose-Knox Avenue                     
3810,2017-10-14,22,0.0257,NOX,Parts Per Million ( ppm ),,,San Jose-Knox Avenue                     
3810,2017-10-14,23,0.0432,NOX,Parts Per Million ( ppm ),,,San Jose-Knox Avenue                     
3810,2017-10-15,0,0.0550,NOX,Parts Per Million ( ppm ),,,San Jose-Knox Avenue                     
3810,2017-10-15,1,0.0558,NOX,Parts Per Million ( ppm ),,,San Jose-Knox Avenue                     
3810,2017-10-15,2,0.0592,NOX,Parts Per Million ( ppm ),,,San Jose-Knox Avenue                     
3810,2017-10-15,4,0.0438,NOX,Parts Per Million ( ppm ),,,San Jose-Knox Avenue                     
3810,2017-10-15,5,0.0494,NOX,Parts Per Million ( ppm ),,,San Jose-Knox Avenue                     
3810,2017-10-15,6,0.0550,NOX,Parts Per Million ( ppm ),,,San Jose-Knox Avenue                     
3810,2017-10-15,7,0.0644,NOX,Parts Per Million ( ppm ),,,San Jose-Knox Avenue                     
3810,2017-10-15,8,0.0343,NOX,Parts Per Million ( ppm ),,,San Jose-Knox Avenue                     
3810,2017-10-15,9,0.0216,NOX,Parts Per Million ( ppm ),,,San Jose-Knox Avenue                     
3810,2017-10-15,10,0.0177,NOX,Parts Per Million ( ppm ),,,San Jose-Knox Avenue                     
3810,2017-10-15,11,0.0161,NOX,Parts Per Million ( ppm ),,,San Jose-Knox Avenue                     
3810,2017-10-15,12,0.0184,NOX,Parts Per Million ( ppm ),,,San Jose-Knox Avenue                     
3810,2017-10-15,13,0.0173,NOX,Parts Per Million ( ppm ),,,San Jose-Knox Avenue                     
3810,2017-10-15,14,0.0194,NOX,Parts Per Million ( ppm ),,,San Jose-Knox Avenue                     
3810,2017-10-15,15,0.0151,NOX,Parts Per Million ( ppm ),,,San Jose-Knox Avenue                     
3810,2017-10-15,16,0.0218,NOX,Parts Per Million ( ppm ),,,San Jose-Knox Avenue                     
3810,2017-10-15,17,0.0274,NOX,Parts Per Million ( ppm ),,,San Jose-Knox Avenue                     
3810,2017-10-15,18,0.0374,NOX,Parts Per Million ( ppm ),,,San Jose-Knox Avenue                     
3810,2017-10-15,19,0.0495,NOX,Parts Per Million ( ppm ),,,San Jose-Knox Avenue                     
3810,2017-10-15,20,0.0465,NOX,Parts Per Million ( ppm ),,,San Jose-Knox Avenue                     
3810,2017-10-15,21,0.0548,NOX,Parts Per Million ( ppm ),,,San Jose-Knox Avenue                     
3810,2017-10-15,22,0.0492,NOX,Parts Per Million ( ppm ),,,San Jose-Knox Avenue                     
3810,2017-10-15,23,0.0603,NOX,Parts Per Million ( ppm ),,,San Jose-Knox Avenue                     
3810,2017-10-16,0,0.0607,NOX,Parts Per Million ( ppm ),,,San Jose-Knox Avenue                     
3810,2017-10-16,1,0.0551,NOX,Parts Per Million ( ppm ),,,San Jose-Knox Avenue                     
3810,2017-10-16,2,0.0405,NOX,Parts Per Million ( ppm ),,,San Jose-Knox Avenue                     
3810,2017-10-16,4,0.0774,NOX,Parts Per Million ( ppm ),,,San Jose-Knox Avenue                     
3810,2017-10-16,5,0.0715,NOX,Parts Per Million ( ppm ),,,San Jose-Knox Avenue                     
3810,2017-10-16,6,0.1072,NOX,Parts Per Million ( ppm ),,,San Jose-Knox Avenue                     
3810,2017-10-16,7,0.1329,NOX,Parts Per Million ( ppm ),,,San Jose-Knox Avenue                     
3810,2017-10-16,9,0.0571,NOX,Parts Per Million ( ppm ),,,San Jose-Knox Avenue                     
3810,2017-10-16,10,0.0507,NOX,Parts Per Million ( ppm ),,,San Jose-Knox Avenue                     
3810,2017-10-16,11,0.0399,NOX,Parts Per Million ( ppm ),,,San Jose-Knox Avenue                     
3810,2017-10-16,12,0.0496,NOX,Parts Per Million ( ppm ),,,San Jose-Knox Avenue                     
3810,2017-10-16,13,0.0354,NOX,Parts Per Million ( ppm ),,,San Jose-Knox Avenue                     
3810,2017-10-16,14,0.0316,NOX,Parts Per Million ( ppm ),,,San Jose-Knox Avenue                     
3810,2017-10-16,15,0.0420,NOX,Parts Per Million ( ppm ),,,San Jose-Knox Avenue                     
3810,2017-10-16,16,0.0329,NOX,Parts Per Million ( ppm ),,,San Jose-Knox Avenue                     
3810,2017-10-16,17,0.0376,NOX,Parts Per Million ( ppm ),,,San Jose-Knox Avenue                     
3810,2017-10-16,18,0.0736,NOX,Parts Per Million ( ppm ),,,San Jose-Knox Avenue                     
3810,2017-10-16,19,0.1000,NOX,Parts Per Million ( ppm ),,,San Jose-Knox Avenue                     
3810,2017-10-16,20,0.0553,NOX,Parts Per Million ( ppm ),,,San Jose-Knox Avenue                     
3810,2017-10-16,21,0.0797,NOX,Parts Per Million ( ppm ),,,San Jose-Knox Avenue                     
3810,2017-10-16,22,0.0837,NOX,Parts Per Million ( ppm ),,,San Jose-Knox Avenue                     
3810,2017-10-16,23,0.0980,NOX,Parts Per Million ( ppm ),,,San Jose-Knox Avenue                     
3810,2017-10-17,0,0.0897,NOX,Parts Per Million ( ppm ),,,San Jose-Knox Avenue                     
3810,2017-10-17,1,0.0721,NOX,Parts Per Million ( ppm ),,,San Jose-Knox Avenue                     
3810,2017-10-17,2,0.0628,NOX,Parts Per Million ( ppm ),,,San Jose-Knox Avenue                     
3810,2017-10-17,4,0.0697,NOX,Parts Per Million ( ppm ),,,San Jose-Knox Avenue                     
3810,2017-10-17,5,0.0927,NOX,Parts Per Million ( ppm ),,,San Jose-Knox Avenue                     
3810,2017-10-17,6,0.1427,NOX,Parts Per Million ( ppm ),,,San Jose-Knox Avenue                     
3810,2017-10-17,7,0.1741,NOX,Parts Per Million ( ppm ),,,San Jose-Knox Avenue                     
3810,2017-10-17,8,0.1292,NOX,Parts Per Million ( ppm ),,,San Jose-Knox Avenue                     
3810,2017-10-17,9,0.0928,NOX,Parts Per Million ( ppm ),,,San Jose-Knox Avenue                     
3810,2017-10-17,10,0.0609,NOX,Parts Per Million ( ppm ),,,San Jose-Knox Avenue                     
3810,2017-10-17,11,0.0525,NOX,Parts Per Million ( ppm ),,,San Jose-Knox Avenue                     
3810,2017-10-17,12,0.0300,NOX,Parts Per Million ( ppm ),,,San Jose-Knox Avenue                     
3810,2017-10-17,13,0.0458,NOX,Parts Per Million ( ppm ),,,San Jose-Knox Avenue                     
3810,2017-10-17,14,0.0278,NOX,Parts Per Million ( ppm ),,,San Jose-Knox Avenue                     
3810,2017-10-17,15,0.0248,NOX,Parts Per Million ( ppm ),,,San Jose-Knox Avenue                     
3810,2017-10-17,16,0.0338,NOX,Parts Per Million ( ppm ),,,San Jose-Knox Avenue                     
3810,2017-10-17,17,0.0618,NOX,Parts Per Million ( ppm ),,,San Jose-Knox Avenue                     
3810,2017-10-17,18,0.0471,NOX,Parts Per Million ( ppm ),,,San Jose-Knox Avenue                     
3810,2017-10-17,19,0.0540,NOX,Parts Per Million ( ppm ),,,San Jose-Knox Avenue                     
3810,2017-10-17,20,0.0536,NOX,Parts Per Million ( ppm ),,,San Jose-Knox Avenue                     
3810,2017-10-17,21,0.0320,NOX,Parts Per Million ( ppm ),,,San Jose-Knox Avenue                     
3810,2017-10-17,22,0.0235,NOX,Parts Per Million ( ppm ),,,San Jose-Knox Avenue                     
3810,2017-10-17,23,0.0239,NOX,Parts Per Million ( ppm ),,,San Jose-Knox Avenue                     
3810,2017-10-18,0,0.0206,NOX,Parts Per Million ( ppm ),,,San Jose-Knox Avenue                     
3810,2017-10-18,1,0.0265,NOX,Parts Per Million ( ppm ),,,San Jose-Knox Avenue                     
3810,2017-10-18,2,0.0198,NOX,Parts Per Million ( ppm ),,,San Jose-Knox Avenue                     
3810,2017-10-18,4,0.0471,NOX,Parts Per Million ( ppm ),,,San Jose-Knox Avenue                     
3810,2017-10-18,5,0.0606,NOX,Parts Per Million ( ppm ),,,San Jose-Knox Avenue                     
3810,2017-10-18,6,0.0332,NOX,Parts Per Million ( ppm ),,,San Jose-Knox Avenue                     
3810,2017-10-18,7,0.0386,NOX,Parts Per Million ( ppm ),,,San Jose-Knox Avenue                     
3810,2017-10-18,8,0.0589,NOX,Parts Per Million ( ppm ),,,San Jose-Knox Avenue                     
3810,2017-10-18,9,0.0623,NOX,Parts Per Million ( ppm ),,,San Jose-Knox Avenue                     
3810,2017-10-18,10,0.0579,NOX,Parts Per Million ( ppm ),,,San Jose-Knox Avenue                     
3810,2017-10-18,11,0.0470,NOX,Parts Per Million ( ppm ),,,San Jose-Knox Avenue                     
3810,2017-10-18,12,0.0428,NOX,Parts Per Million ( ppm ),,,San Jose-Knox Avenue                     
3810,2017-10-18,13,0.0297,NOX,Parts Per Million ( ppm ),,,San Jose-Knox Avenue                     
3810,2017-10-18,14,0.0283,NOX,Parts Per Million ( ppm ),,,San Jose-Knox Avenue                     
3810,2017-10-18,15,0.0378,NOX,Parts Per Million ( ppm ),,,San Jose-Knox Avenue                     
3810,2017-10-18,16,0.0274,NOX,Parts Per Million ( ppm ),,,San Jose-Knox Avenue                     
3810,2017-10-18,17,0.0243,NOX,Parts Per Million ( ppm ),,,San Jose-Knox Avenue                     
3810,2017-10-18,18,0.0327,NOX,Parts Per Million ( ppm ),,,San Jose-Knox Avenue                     
3810,2017-10-18,19,0.0358,NOX,Parts Per Million ( ppm ),,,San Jose-Knox Avenue                     
3810,2017-10-18,20,0.0290,NOX,Parts Per Million ( ppm ),,,San Jose-Knox Avenue                     
3810,2017-10-18,21,0.0294,NOX,Parts Per Million ( ppm ),,,San Jose-Knox Avenue                     
3810,2017-10-18,22,0.0238,NOX,Parts Per Million ( ppm ),,,San Jose-Knox Avenue                     
3810,2017-10-18,23,0.0155,NOX,Parts Per Million ( ppm ),,,San Jose-Knox Avenue                     
3810,2017-10-19,0,0.0146,NOX,Parts Per Million ( ppm ),,,San Jose-Knox Avenue                     
3810,2017-10-19,1,0.0106,NOX,Parts Per Million ( ppm ),,,San Jose-Knox Avenue                     
3810,2017-10-19,2,0.0046,NOX,Parts Per Million ( ppm ),,,San Jose-Knox Avenue                     
3810,2017-10-19,4,0.0152,NOX,Parts Per Million ( ppm ),,,San Jose-Knox Avenue                     
3810,2017-10-19,5,0.0123,NOX,Parts Per Million ( ppm ),,,San Jose-Knox Avenue                     
3810,2017-10-19,6,0.0118,NOX,Parts Per Million ( ppm ),,,San Jose-Knox Avenue                     
3810,2017-10-19,7,0.0132,NOX,Parts Per Million ( ppm ),,,San Jose-Knox Avenue                     
3810,2017-10-19,8,0.0165,NOX,Parts Per Million ( ppm ),,,San Jose-Knox Avenue                     
3810,2017-10-19,9,0.0289,NOX,Parts Per Million ( ppm ),,,San Jose-Knox Avenue                     
3810,2017-10-19,10,0.0197,NOX,Parts Per Million ( ppm ),,,San Jose-Knox Avenue                     
3810,2017-10-19,11,0.0144,NOX,Parts Per Million ( ppm ),,,San Jose-Knox Avenue                     
3810,2017-10-19,12,0.0177,NOX,Parts Per Million ( ppm ),,,San Jose-Knox Avenue                     
3810,2017-10-19,13,0.0189,NOX,Parts Per Million ( ppm ),,,San Jose-Knox Avenue                     
3810,2017-10-19,14,0.0088,NOX,Parts Per Million ( ppm ),,,San Jose-Knox Avenue                     
3810,2017-10-19,15,0.0131,NOX,Parts Per Million ( ppm ),,,San Jose-Knox Avenue                     
3810,2017-10-19,16,0.0147,NOX,Parts Per Million ( ppm ),,,San Jose-Knox Avenue                     
3810,2017-10-19,17,0.0096,NOX,Parts Per Million ( ppm ),,,San Jose-Knox Avenue                     
3810,2017-10-19,18,0.0094,NOX,Parts Per Million ( ppm ),,,San Jose-Knox Avenue                     
3810,2017-10-19,19,0.0136,NOX,Parts Per Million ( ppm ),,,San Jose-Knox Avenue                     
3810,2017-10-19,20,0.0149,NOX,Parts Per Million ( ppm ),,,San Jose-Knox Avenue                     
3810,2017-10-19,21,0.0128,NOX,Parts Per Million ( ppm ),,,San Jose-Knox Avenue                     
3810,2017-10-19,22,0.0071,NOX,Parts Per Million ( ppm ),,,San Jose-Knox Avenue                     
3810,2017-10-19,23,0.0049,NOX,Parts Per Million ( ppm ),,,San Jose-Knox Avenue                     
3810,2017-10-20,0,0.0040,NOX,Parts Per Million ( ppm ),,,San Jose-Knox Avenue                     
3810,2017-10-20,1,0.0075,NOX,Parts Per Million ( ppm ),,,San Jose-Knox Avenue                     
3810,2017-10-20,2,0.0052,NOX,Parts Per Million ( ppm ),,,San Jose-Knox Avenue                     
3810,2017-10-20,4,0.0260,NOX,Parts Per Million ( ppm ),,,San Jose-Knox Avenue                     
3810,2017-10-20,5,0.0535,NOX,Parts Per Million ( ppm ),,,San Jose-Knox Avenue                     
3810,2017-10-20,6,0.0624,NOX,Parts Per Million ( ppm ),,,San Jose-Knox Avenue                     
3810,2017-10-20,7,0.0462,NOX,Parts Per Million ( ppm ),,,San Jose-Knox Avenue                     
3810,2017-10-20,8,0.0300,NOX,Parts Per Million ( ppm ),,,San Jose-Knox Avenue                     
3810,2017-10-20,9,0.0216,NOX,Parts Per Million ( ppm ),,,San Jose-Knox Avenue                     
3810,2017-10-20,10,0.0187,NOX,Parts Per Million ( ppm ),,,San Jose-Knox Avenue                     
3810,2017-10-20,11,0.0233,NOX,Parts Per Million ( ppm ),,,San Jose-Knox Avenue                     
3810,2017-10-20,12,0.0150,NOX,Parts Per Million ( ppm ),,,San Jose-Knox Avenue                     
3810,2017-10-20,13,0.0160,NOX,Parts Per Million ( ppm ),,,San Jose-Knox Avenue                     
3810,2017-10-20,14,0.0183,NOX,Parts Per Million ( ppm ),,,San Jose-Knox Avenue                     
3810,2017-10-20,15,0.0163,NOX,Parts Per Million ( ppm ),,,San Jose-Knox Avenue                     
3810,2017-10-20,16,0.0199,NOX,Parts Per Million ( ppm ),,,San Jose-Knox Avenue                     
3810,2017-10-20,17,0.0213,NOX,Parts Per Million ( ppm ),,,San Jose-Knox Avenue                     
3810,2017-10-20,18,0.0109,NOX,Parts Per Million ( ppm ),,,San Jose-Knox Avenue                     
3810,2017-10-20,19,0.0110,NOX,Parts Per Million ( ppm ),,,San Jose-Knox Avenue                     
3810,2017-10-20,20,0.0131,NOX,Parts Per Million ( ppm ),,,San Jose-Knox Avenue                     
3810,2017-10-20,21,0.0214,NOX,Parts Per Million ( ppm ),,,San Jose-Knox Avenue                     
3810,2017-10-20,22,0.0164,NOX,Parts Per Million ( ppm ),,,San Jose-Knox Avenue                     
3810,2017-10-20,23,0.0115,NOX,Parts Per Million ( ppm ),,,San Jose-Knox Avenue                     
3810,2017-10-21,0,0.0104,NOX,Parts Per Million ( ppm ),,,San Jose-Knox Avenue                     
3810,2017-10-21,1,0.0196,NOX,Parts Per Million ( ppm ),,,San Jose-Knox Avenue                     
3810,2017-10-21,2,0.0195,NOX,Parts Per Million ( ppm ),,,San Jose-Knox Avenue                     
3810,2017-10-21,4,0.0270,NOX,Parts Per Million ( ppm ),,,San Jose-Knox Avenue                     
3810,2017-10-21,5,0.0350,NOX,Parts Per Million ( ppm ),,,San Jose-Knox Avenue                     
3810,2017-10-21,6,0.0747,NOX,Parts Per Million ( ppm ),,,San Jose-Knox Avenue                     
3810,2017-10-21,7,0.0619,NOX,Parts Per Million ( ppm ),,,San Jose-Knox Avenue                     
3810,2017-10-21,8,0.0427,NOX,Parts Per Million ( ppm ),,,San Jose-Knox Avenue                     
3810,2017-10-21,9,0.0351,NOX,Parts Per Million ( ppm ),,,San Jose-Knox Avenue                     
3810,2017-10-21,10,0.0227,NOX,Parts Per Million ( ppm ),,,San Jose-Knox Avenue                     
3810,2017-10-21,11,0.0174,NOX,Parts Per Million ( ppm ),,,San Jose-Knox Avenue                     
3810,2017-10-21,12,0.0178,NOX,Parts Per Million ( ppm ),,,San Jose-Knox Avenue                     
3810,2017-10-21,13,0.0176,NOX,Parts Per Million ( ppm ),,,San Jose-Knox Avenue                     
3810,2017-10-21,14,0.0178,NOX,Parts Per Million ( ppm ),,,San Jose-Knox Avenue                     
3810,2017-10-21,15,0.0178,NOX,Parts Per Million ( ppm ),,,San Jose-Knox Avenue                     
3810,2017-10-21,16,0.0192,NOX,Parts Per Million ( ppm ),,,San Jose-Knox Avenue                     
3810,2017-10-21,17,0.0226,NOX,Parts Per Million ( ppm ),,,San Jose-Knox Avenue                     
3810,2017-10-21,18,0.0166,NOX,Parts Per Million ( ppm ),,,San Jose-Knox Avenue                     
3810,2017-10-21,19,0.0163,NOX,Parts Per Million ( ppm ),,,San Jose-Knox Avenue                     
3810,2017-10-21,20,0.0168,NOX,Parts Per Million ( ppm ),,,San Jose-Knox Avenue                     
3810,2017-10-21,21,0.0190,NOX,Parts Per Million ( ppm ),,,San Jose-Knox Avenue                     
3810,2017-10-21,22,0.0251,NOX,Parts Per Million ( ppm ),,,San Jose-Knox Avenue                     
3810,2017-10-21,23,0.0182,NOX,Parts Per Million ( ppm ),,,San Jose-Knox Avenue                     
3810,2017-10-22,0,0.0275,NOX,Parts Per Million ( ppm ),,,San Jose-Knox Avenue                     
3810,2017-10-22,1,0.0368,NOX,Parts Per Million ( ppm ),,,San Jose-Knox Avenue                     
3810,2017-10-22,2,0.0328,NOX,Parts Per Million ( ppm ),,,San Jose-Knox Avenue                     
3810,2017-10-22,4,0.0179,NOX,Parts Per Million ( ppm ),,,San Jose-Knox Avenue                     
3810,2017-10-22,5,0.0246,NOX,Parts Per Million ( ppm ),,,San Jose-Knox Avenue                     
3810,2017-10-22,6,0.0497,NOX,Parts Per Million ( ppm ),,,San Jose-Knox Avenue                     
3810,2017-10-22,7,0.0608,NOX,Parts Per Million ( ppm ),,,San Jose-Knox Avenue                     
3810,2017-10-22,8,0.0534,NOX,Parts Per Million ( ppm ),,,San Jose-Knox Avenue                     
3810,2017-10-22,9,0.0210,NOX,Parts Per Million ( ppm ),,,San Jose-Knox Avenue                     
3810,2017-10-22,10,0.0166,NOX,Parts Per Million ( ppm ),,,San Jose-Knox Avenue                     
3810,2017-10-22,11,0.0127,NOX,Parts Per Million ( ppm ),,,San Jose-Knox Avenue                     
3810,2017-10-22,12,0.0131,NOX,Parts Per Million ( ppm ),,,San Jose-Knox Avenue                     
3810,2017-10-22,13,0.0152,NOX,Parts Per Million ( ppm ),,,San Jose-Knox Avenue                     
3810,2017-10-22,14,0.0162,NOX,Parts Per Million ( ppm ),,,San Jose-Knox Avenue                     
3810,2017-10-22,15,0.0166,NOX,Parts Per Million ( ppm ),,,San Jose-Knox Avenue                     
3810,2017-10-22,16,0.0150,NOX,Parts Per Million ( ppm ),,,San Jose-Knox Avenue                     
3810,2017-10-22,17,0.0226,NOX,Parts Per Million ( ppm ),,,San Jose-Knox Avenue                     
3810,2017-10-22,18,0.0266,NOX,Parts Per Million ( ppm ),,,San Jose-Knox Avenue                     
3810,2017-10-22,19,0.0336,NOX,Parts Per Million ( ppm ),,,San Jose-Knox Avenue                     
3810,2017-10-22,20,0.0417,NOX,Parts Per Million ( ppm ),,,San Jose-Knox Avenue                     
3810,2017-10-22,21,0.0338,NOX,Parts Per Million ( ppm ),,,San Jose-Knox Avenue                     
3810,2017-10-22,22,0.0285,NOX,Parts Per Million ( ppm ),,,San Jose-Knox Avenue                     
3810,2017-10-22,23,0.0482,NOX,Parts Per Million ( ppm ),,,San Jose-Knox Avenue                     
3810,2017-10-23,0,0.0463,NOX,Parts Per Million ( ppm ),,,San Jose-Knox Avenue                     
3810,2017-10-23,1,0.0368,NOX,Parts Per Million ( ppm ),,,San Jose-Knox Avenue                     
3810,2017-10-23,2,0.0416,NOX,Parts Per Million ( ppm ),,,San Jose-Knox Avenue                     
3810,2017-10-23,4,0.0743,NOX,Parts Per Million ( ppm ),,,San Jose-Knox Avenue                     
3810,2017-10-23,5,0.0818,NOX,Parts Per Million ( ppm ),,,San Jose-Knox Avenue                     
3810,2017-10-23,6,0.1022,NOX,Parts Per Million ( ppm ),,,San Jose-Knox Avenue                     
3810,2017-10-23,7,0.1190,NOX,Parts Per Million ( ppm ),,,San Jose-Knox Avenue                     
3810,2017-10-23,8,0.0904,NOX,Parts Per Million ( ppm ),,,San Jose-Knox Avenue                     
3810,2017-10-23,9,0.0549,NOX,Parts Per Million ( ppm ),,,San Jose-Knox Avenue                     
3810,2017-10-23,10,0.0252,NOX,Parts Per Million ( ppm ),,,San Jose-Knox Avenue                     
3810,2017-10-23,11,0.0231,NOX,Parts Per Million ( ppm ),,,San Jose-Knox Avenue                     
3810,2017-10-23,12,0.0252,NOX,Parts Per Million ( ppm ),,,San Jose-Knox Avenue                     
3810,2017-10-23,13,0.0270,NOX,Parts Per Million ( ppm ),,,San Jose-Knox Avenue                     
3810,2017-10-23,14,0.0263,NOX,Parts Per Million ( ppm ),,,San Jose-Knox Avenue                     
3810,2017-10-23,15,0.0289,NOX,Parts Per Million ( ppm ),,,San Jose-Knox Avenue                     
3810,2017-10-23,16,0.0343,NOX,Parts Per Million ( ppm ),,,San Jose-Knox Avenue                     
3810,2017-10-23,17,0.0513,NOX,Parts Per Million ( ppm ),,,San Jose-Knox Avenue                     
3810,2017-10-23,18,0.0515,NOX,Parts Per Million ( ppm ),,,San Jose-Knox Avenue                     
3810,2017-10-23,19,0.0722,NOX,Parts Per Million ( ppm ),,,San Jose-Knox Avenue                     
3810,2017-10-23,20,0.0577,NOX,Parts Per Million ( ppm ),,,San Jose-Knox Avenue                     
3810,2017-10-23,21,0.0352,NOX,Parts Per Million ( ppm ),,,San Jose-Knox Avenue                     
3810,2017-10-23,22,0.0346,NOX,Parts Per Million ( ppm ),,,San Jose-Knox Avenue                     
3810,2017-10-23,23,0.0393,NOX,Parts Per Million ( ppm ),,,San Jose-Knox Avenue                     
3810,2017-10-24,0,0.0596,NOX,Parts Per Million ( ppm ),,,San Jose-Knox Avenue                     
3810,2017-10-24,1,0.0644,NOX,Parts Per Million ( ppm ),,,San Jose-Knox Avenue                     
3810,2017-10-24,2,0.0453,NOX,Parts Per Million ( ppm ),,,San Jose-Knox Avenue                     
3810,2017-10-24,4,0.0823,NOX,Parts Per Million ( ppm ),,,San Jose-Knox Avenue                     
3810,2017-10-24,5,0.0741,NOX,Parts Per Million ( ppm ),,,San Jose-Knox Avenue                     
3810,2017-10-24,6,0.1522,NOX,Parts Per Million ( ppm ),,,San Jose-Knox Avenue                     
3810,2017-10-24,7,0.1387,NOX,Parts Per Million ( ppm ),,,San Jose-Knox Avenue                     
3810,2017-10-24,8,0.0669,NOX,Parts Per Million ( ppm ),,,San Jose-Knox Avenue                     
3810,2017-10-24,9,0.0592,NOX,Parts Per Million ( ppm ),,,San Jose-Knox Avenue                     
3810,2017-10-24,10,0.0475,NOX,Parts Per Million ( ppm ),,,San Jose-Knox Avenue                     
3810,2017-10-24,11,0.0439,NOX,Parts Per Million ( ppm ),,,San Jose-Knox Avenue                     
3810,2017-10-24,12,0.0278,NOX,Parts Per Million ( ppm ),,,San Jose-Knox Avenue                     
3810,2017-10-24,13,0.0352,NOX,Parts Per Million ( ppm ),,,San Jose-Knox Avenue                     
3810,2017-10-24,14,0.0420,NOX,Parts Per Million ( ppm ),,,San Jose-Knox Avenue                     
3810,2017-10-24,15,0.0420,NOX,Parts Per Million ( ppm ),,,San Jose-Knox Avenue                     
3810,2017-10-24,16,0.0406,NOX,Parts Per Million ( ppm ),,,San Jose-Knox Avenue                     
3810,2017-10-24,17,0.0625,NOX,Parts Per Million ( ppm ),,,San Jose-Knox Avenue                     
3810,2017-10-24,18,0.0815,NOX,Parts Per Million ( ppm ),,,San Jose-Knox Avenue                     
3810,2017-10-24,19,0.0945,NOX,Parts Per Million ( ppm ),,,San Jose-Knox Avenue                     
3810,2017-10-24,20,0.0790,NOX,Parts Per Million ( ppm ),,,San Jose-Knox Avenue                     
3810,2017-10-24,21,0.0597,NOX,Parts Per Million ( ppm ),,,San Jose-Knox Avenue                     
3810,2017-10-24,22,0.0772,NOX,Parts Per Million ( ppm ),,,San Jose-Knox Avenue                     
3810,2017-10-24,23,0.0741,NOX,Parts Per Million ( ppm ),,,San Jose-Knox Avenue                     
3810,2017-10-25,0,0.0453,NOX,Parts Per Million ( ppm ),,,San Jose-Knox Avenue                     
3810,2017-10-25,1,0.0466,NOX,Parts Per Million ( ppm ),,,San Jose-Knox Avenue                     
3810,2017-10-25,2,0.0342,NOX,Parts Per Million ( ppm ),,,San Jose-Knox Avenue                     
3810,2017-10-25,4,0.0933,NOX,Parts Per Million ( ppm ),,,San Jose-Knox Avenue                     
3810,2017-10-25,5,0.1028,NOX,Parts Per Million ( ppm ),,,San Jose-Knox Avenue                     
3810,2017-10-25,6,0.1504,NOX,Parts Per Million ( ppm ),,,San Jose-Knox Avenue                     
3810,2017-10-25,7,0.1462,NOX,Parts Per Million ( ppm ),,,San Jose-Knox Avenue                     
3810,2017-10-25,8,0.1132,NOX,Parts Per Million ( ppm ),,,San Jose-Knox Avenue                     
3810,2017-10-25,9,0.0550,NOX,Parts Per Million ( ppm ),,,San Jose-Knox Avenue                     
3810,2017-10-25,10,0.0697,NOX,Parts Per Million ( ppm ),,,San Jose-Knox Avenue                     
3810,2017-10-25,11,0.0552,NOX,Parts Per Million ( ppm ),,,San Jose-Knox Avenue                     
3810,2017-10-25,12,0.0517,NOX,Parts Per Million ( ppm ),,,San Jose-Knox Avenue                     
3810,2017-10-25,13,0.0416,NOX,Parts Per Million ( ppm ),,,San Jose-Knox Avenue                     
3810,2017-10-25,14,0.0412,NOX,Parts Per Million ( ppm ),,,San Jose-Knox Avenue                     
3810,2017-10-25,15,0.0357,NOX,Parts Per Million ( ppm ),,,San Jose-Knox Avenue                     
3810,2017-10-25,16,0.0300,NOX,Parts Per Million ( ppm ),,,San Jose-Knox Avenue                     
3810,2017-10-25,17,0.0472,NOX,Parts Per Million ( ppm ),,,San Jose-Knox Avenue                     
3810,2017-10-25,18,0.0386,NOX,Parts Per Million ( ppm ),,,San Jose-Knox Avenue                     
3810,2017-10-25,19,0.0535,NOX,Parts Per Million ( ppm ),,,San Jose-Knox Avenue                     
3810,2017-10-25,20,0.0520,NOX,Parts Per Million ( ppm ),,,San Jose-Knox Avenue                     
3810,2017-10-25,21,0.0500,NOX,Parts Per Million ( ppm ),,,San Jose-Knox Avenue                     
3810,2017-10-25,22,0.0491,NOX,Parts Per Million ( ppm ),,,San Jose-Knox Avenue                     
3810,2017-10-25,23,0.0603,NOX,Parts Per Million ( ppm ),,,San Jose-Knox Avenue                     
3810,2017-10-26,0,0.0636,NOX,Parts Per Million ( ppm ),,,San Jose-Knox Avenue                     
3810,2017-10-26,1,0.0455,NOX,Parts Per Million ( ppm ),,,San Jose-Knox Avenue                     
3810,2017-10-26,2,0.0531,NOX,Parts Per Million ( ppm ),,,San Jose-Knox Avenue                     
3810,2017-10-26,4,0.0563,NOX,Parts Per Million ( ppm ),,,San Jose-Knox Avenue                     
3810,2017-10-26,5,0.0802,NOX,Parts Per Million ( ppm ),,,San Jose-Knox Avenue                     
3810,2017-10-26,6,0.1437,NOX,Parts Per Million ( ppm ),,,San Jose-Knox Avenue                     
3810,2017-10-26,7,0.1660,NOX,Parts Per Million ( ppm ),,,San Jose-Knox Avenue                     
3810,2017-10-26,8,0.1179,NOX,Parts Per Million ( ppm ),,,San Jose-Knox Avenue                     
3810,2017-10-26,9,0.0858,NOX,Parts Per Million ( ppm ),,,San Jose-Knox Avenue                     
3810,2017-10-26,10,0.0703,NOX,Parts Per Million ( ppm ),,,San Jose-Knox Avenue                     
3810,2017-10-26,11,0.0432,NOX,Parts Per Million ( ppm ),,,San Jose-Knox Avenue                     
3810,2017-10-26,12,0.0331,NOX,Parts Per Million ( ppm ),,,San Jose-Knox Avenue                     
3810,2017-10-26,13,0.0446,NOX,Parts Per Million ( ppm ),,,San Jose-Knox Avenue                     
3810,2017-10-26,14,0.0290,NOX,Parts Per Million ( ppm ),,,San Jose-Knox Avenue                     
3810,2017-10-26,15,0.0314,NOX,Parts Per Million ( ppm ),,,San Jose-Knox Avenue                     
3810,2017-10-26,16,0.0270,NOX,Parts Per Million ( ppm ),,,San Jose-Knox Avenue                     
3810,2017-10-26,17,0.0393,NOX,Parts Per Million ( ppm ),,,San Jose-Knox Avenue                     
3810,2017-10-26,18,0.0612,NOX,Parts Per Million ( ppm ),,,San Jose-Knox Avenue                     
3810,2017-10-26,19,0.0877,NOX,Parts Per Million ( ppm ),,,San Jose-Knox Avenue                     
3810,2017-10-26,20,0.0611,NOX,Parts Per Million ( ppm ),,,San Jose-Knox Avenue                     
3810,2017-10-26,21,0.0641,NOX,Parts Per Million ( ppm ),,,San Jose-Knox Avenue                     
3810,2017-10-26,22,0.0747,NOX,Parts Per Million ( ppm ),,,San Jose-Knox Avenue                     
3810,2017-10-26,23,0.0679,NOX,Parts Per Million ( ppm ),,,San Jose-Knox Avenue                     
3810,2017-10-27,0,0.0616,NOX,Parts Per Million ( ppm ),,,San Jose-Knox Avenue                     
3810,2017-10-27,1,0.0480,NOX,Parts Per Million ( ppm ),,,San Jose-Knox Avenue                     
3810,2017-10-27,2,0.0536,NOX,Parts Per Million ( ppm ),,,San Jose-Knox Avenue                     
3810,2017-10-27,4,0.0797,NOX,Parts Per Million ( ppm ),,,San Jose-Knox Avenue                     
3810,2017-10-27,5,0.0871,NOX,Parts Per Million ( ppm ),,,San Jose-Knox Avenue                     
3810,2017-10-27,6,0.1072,NOX,Parts Per Million ( ppm ),,,San Jose-Knox Avenue                     
3810,2017-10-27,7,0.1313,NOX,Parts Per Million ( ppm ),,,San Jose-Knox Avenue                     
3810,2017-10-27,8,0.1061,NOX,Parts Per Million ( ppm ),,,San Jose-Knox Avenue                     
3810,2017-10-27,9,0.0824,NOX,Parts Per Million ( ppm ),,,San Jose-Knox Avenue                     
3810,2017-10-27,10,0.0610,NOX,Parts Per Million ( ppm ),,,San Jose-Knox Avenue                     
3810,2017-10-27,11,0.0517,NOX,Parts Per Million ( ppm ),,,San Jose-Knox Avenue                     
3810,2017-10-27,12,0.0433,NOX,Parts Per Million ( ppm ),,,San Jose-Knox Avenue                     
3810,2017-10-27,13,0.0301,NOX,Parts Per Million ( ppm ),,,San Jose-Knox Avenue                     
3810,2017-10-27,14,0.0308,NOX,Parts Per Million ( ppm ),,,San Jose-Knox Avenue                     
3810,2017-10-27,15,0.0275,NOX,Parts Per Million ( ppm ),,,San Jose-Knox Avenue                     
3810,2017-10-27,16,0.0294,NOX,Parts Per Million ( ppm ),,,San Jose-Knox Avenue                     
3810,2017-10-27,17,0.0386,NOX,Parts Per Million ( ppm ),,,San Jose-Knox Avenue                     
3810,2017-10-27,18,0.0685,NOX,Parts Per Million ( ppm ),,,San Jose-Knox Avenue                     
3810,2017-10-27,19,0.0756,NOX,Parts Per Million ( ppm ),,,San Jose-Knox Avenue                     
3810,2017-10-27,20,0.0405,NOX,Parts Per Million ( ppm ),,,San Jose-Knox Avenue                     
3810,2017-10-27,21,0.0392,NOX,Parts Per Million ( ppm ),,,San Jose-Knox Avenue                     
3810,2017-10-27,22,0.0568,NOX,Parts Per Million ( ppm ),,,San Jose-Knox Avenue                     
3810,2017-10-27,23,0.0677,NOX,Parts Per Million ( ppm ),,,San Jose-Knox Avenue                     
3810,2017-10-28,0,0.0586,NOX,Parts Per Million ( ppm ),,,San Jose-Knox Avenue                     
3810,2017-10-28,1,0.0592,NOX,Parts Per Million ( ppm ),,,San Jose-Knox Avenue                     
3810,2017-10-28,2,0.0526,NOX,Parts Per Million ( ppm ),,,San Jose-Knox Avenue                     
3810,2017-10-28,4,0.0497,NOX,Parts Per Million ( ppm ),,,San Jose-Knox Avenue                     
3810,2017-10-28,5,0.0542,NOX,Parts Per Million ( ppm ),,,San Jose-Knox Avenue                     
3810,2017-10-28,6,0.0632,NOX,Parts Per Million ( ppm ),,,San Jose-Knox Avenue                     
3810,2017-10-28,7,0.0708,NOX,Parts Per Million ( ppm ),,,San Jose-Knox Avenue                     
3810,2017-10-28,8,0.0290,NOX,Parts Per Million ( ppm ),,,San Jose-Knox Avenue                     
3810,2017-10-28,9,0.0292,NOX,Parts Per Million ( ppm ),,,San Jose-Knox Avenue                     
3810,2017-10-28,10,0.0279,NOX,Parts Per Million ( ppm ),,,San Jose-Knox Avenue                     
3810,2017-10-28,11,0.0259,NOX,Parts Per Million ( ppm ),,,San Jose-Knox Avenue                     
3810,2017-10-28,12,0.0233,NOX,Parts Per Million ( ppm ),,,San Jose-Knox Avenue                     
3810,2017-10-28,13,0.0211,NOX,Parts Per Million ( ppm ),,,San Jose-Knox Avenue                     
3810,2017-10-28,14,0.0206,NOX,Parts Per Million ( ppm ),,,San Jose-Knox Avenue                     
3810,2017-10-28,15,0.0213,NOX,Parts Per Million ( ppm ),,,San Jose-Knox Avenue                     
3810,2017-10-28,16,0.0292,NOX,Parts Per Million ( ppm ),,,San Jose-Knox Avenue                     
3810,2017-10-28,17,0.0289,NOX,Parts Per Million ( ppm ),,,San Jose-Knox Avenue                     
3810,2017-10-28,18,0.0218,NOX,Parts Per Million ( ppm ),,,San Jose-Knox Avenue                     
3810,2017-10-28,19,0.0206,NOX,Parts Per Million ( ppm ),,,San Jose-Knox Avenue                     
3810,2017-10-28,20,0.0218,NOX,Parts Per Million ( ppm ),,,San Jose-Knox Avenue                     
3810,2017-10-28,21,0.0188,NOX,Parts Per Million ( ppm ),,,San Jose-Knox Avenue                     
3810,2017-10-28,22,0.0179,NOX,Parts Per Million ( ppm ),,,San Jose-Knox Avenue                     
3810,2017-10-28,23,0.0123,NOX,Parts Per Million ( ppm ),,,San Jose-Knox Avenue                     
3810,2017-10-29,0,0.0085,NOX,Parts Per Million ( ppm ),,,San Jose-Knox Avenue                     
3810,2017-10-29,1,0.0067,NOX,Parts Per Million ( ppm ),,,San Jose-Knox Avenue                     
3810,2017-10-29,2,0.0066,NOX,Parts Per Million ( ppm ),,,San Jose-Knox Avenue                     
3810,2017-10-29,4,0.0059,NOX,Parts Per Million ( ppm ),,,San Jose-Knox Avenue                     
3810,2017-10-29,5,0.0054,NOX,Parts Per Million ( ppm ),,,San Jose-Knox Avenue                     
3810,2017-10-29,6,0.0070,NOX,Parts Per Million ( ppm ),,,San Jose-Knox Avenue                     
3810,2017-10-29,7,0.0076,NOX,Parts Per Million ( ppm ),,,San Jose-Knox Avenue                     
3810,2017-10-29,8,0.0128,NOX,Parts Per Million ( ppm ),,,San Jose-Knox Avenue                     
3810,2017-10-29,9,0.0142,NOX,Parts Per Million ( ppm ),,,San Jose-Knox Avenue                     
3810,2017-10-29,10,0.0182,NOX,Parts Per Million ( ppm ),,,San Jose-Knox Avenue                     
3810,2017-10-29,11,0.0231,NOX,Parts Per Million ( ppm ),,,San Jose-Knox Avenue                     
3810,2017-10-29,12,0.0234,NOX,Parts Per Million ( ppm ),,,San Jose-Knox Avenue                     
3810,2017-10-29,13,0.0188,NOX,Parts Per Million ( ppm ),,,San Jose-Knox Avenue                     
3810,2017-10-29,14,0.0184,NOX,Parts Per Million ( ppm ),,,San Jose-Knox Avenue                     
3810,2017-10-29,15,0.0181,NOX,Parts Per Million ( ppm ),,,San Jose-Knox Avenue                     
3810,2017-10-29,16,0.0210,NOX,Parts Per Million ( ppm ),,,San Jose-Knox Avenue                     
3810,2017-10-29,17,0.0263,NOX,Parts Per Million ( ppm ),,,San Jose-Knox Avenue                     
3810,2017-10-29,18,0.0228,NOX,Parts Per Million ( ppm ),,,San Jose-Knox Avenue                     
3810,2017-10-29,19,0.0201,NOX,Parts Per Million ( ppm ),,,San Jose-Knox Avenue                     
3810,2017-10-29,20,0.0269,NOX,Parts Per Million ( ppm ),,,San Jose-Knox Avenue                     
3810,2017-10-29,21,0.0202,NOX,Parts Per Million ( ppm ),,,San Jose-Knox Avenue                     
3810,2017-10-29,22,0.0103,NOX,Parts Per Million ( ppm ),,,San Jose-Knox Avenue                     
3810,2017-10-29,23,0.0137,NOX,Parts Per Million ( ppm ),,,San Jose-Knox Avenue                     
3810,2017-10-30,0,0.0081,NOX,Parts Per Million ( ppm ),,,San Jose-Knox Avenue                     
3810,2017-10-30,1,0.0068,NOX,Parts Per Million ( ppm ),,,San Jose-Knox Avenue                     
3810,2017-10-30,2,0.0077,NOX,Parts Per Million ( ppm ),,,San Jose-Knox Avenue                     
3810,2017-10-30,4,0.0219,NOX,Parts Per Million ( ppm ),,,San Jose-Knox Avenue                     
3810,2017-10-30,5,0.0242,NOX,Parts Per Million ( ppm ),,,San Jose-Knox Avenue                     
3810,2017-10-30,6,0.0222,NOX,Parts Per Million ( ppm ),,,San Jose-Knox Avenue                     
3810,2017-10-30,7,0.0189,NOX,Parts Per Million ( ppm ),,,San Jose-Knox Avenue                     
3810,2017-10-30,8,0.0168,NOX,Parts Per Million ( ppm ),,,San Jose-Knox Avenue                     
3810,2017-10-30,9,0.0213,NOX,Parts Per Million ( ppm ),,,San Jose-Knox Avenue                     
3810,2017-10-30,10,0.0175,NOX,Parts Per Million ( ppm ),,,San Jose-Knox Avenue                     
3810,2017-10-30,11,0.0178,NOX,Parts Per Million ( ppm ),,,San Jose-Knox Avenue                     
3810,2017-10-30,12,0.0205,NOX,Parts Per Million ( ppm ),,,San Jose-Knox Avenue                     
3810,2017-10-30,13,0.0219,NOX,Parts Per Million ( ppm ),,,San Jose-Knox Avenue                     
3810,2017-10-30,14,0.0167,NOX,Parts Per Million ( ppm ),,,San Jose-Knox Avenue                     
3810,2017-10-30,15,0.0141,NOX,Parts Per Million ( ppm ),,,San Jose-Knox Avenue                     
3810,2017-10-30,16,0.0211,NOX,Parts Per Million ( ppm ),,,San Jose-Knox Avenue                     
3810,2017-10-30,17,0.0182,NOX,Parts Per Million ( ppm ),,,San Jose-Knox Avenue                     
3810,2017-10-30,18,0.0124,NOX,Parts Per Million ( ppm ),,,San Jose-Knox Avenue                     
3810,2017-10-30,19,0.0106,NOX,Parts Per Million ( ppm ),,,San Jose-Knox Avenue                     
3810,2017-10-30,20,0.0125,NOX,Parts Per Million ( ppm ),,,San Jose-Knox Avenue                     
3810,2017-10-30,21,0.0144,NOX,Parts Per Million ( ppm ),,,San Jose-Knox Avenue                     
3810,2017-10-30,22,0.0122,NOX,Parts Per Million ( ppm ),,,San Jose-Knox Avenue                     
3810,2017-10-30,23,0.0073,NOX,Parts Per Million ( ppm ),,,San Jose-Knox Avenue                     
3810,2017-10-31,0,0.0022,NOX,Parts Per Million ( ppm ),,,San Jose-Knox Avenue                     
3810,2017-10-31,1,0.0008,NOX,Parts Per Million ( ppm ),,,San Jose-Knox Avenue                     
3810,2017-10-31,2,0.0015,NOX,Parts Per Million ( ppm ),,,San Jose-Knox Avenue                     
3810,2017-10-31,4,0.0191,NOX,Parts Per Million ( ppm ),,,San Jose-Knox Avenue                     
3810,2017-10-31,5,0.0175,NOX,Parts Per Million ( ppm ),,,San Jose-Knox Avenue                     
3810,2017-10-31,6,0.0399,NOX,Parts Per Million ( ppm ),,,San Jose-Knox Avenue                     
3810,2017-10-31,7,0.0285,NOX,Parts Per Million ( ppm ),,,San Jose-Knox Avenue                     
3810,2017-10-31,8,0.0134,NOX,Parts Per Million ( ppm ),,,San Jose-Knox Avenue                     
3810,2017-10-31,9,0.0249,NOX,Parts Per Million ( ppm ),,,San Jose-Knox Avenue                     
3810,2017-10-31,10,0.0236,NOX,Parts Per Million ( ppm ),,,San Jose-Knox Avenue                     
3810,2017-10-31,11,0.0156,NOX,Parts Per Million ( ppm ),,,San Jose-Knox Avenue                     
3810,2017-10-31,12,0.0142,NOX,Parts Per Million ( ppm ),,,San Jose-Knox Avenue                     
3810,2017-10-31,13,0.0131,NOX,Parts Per Million ( ppm ),,,San Jose-Knox Avenue                     
3810,2017-10-31,14,0.0168,NOX,Parts Per Million ( ppm ),,,San Jose-Knox Avenue                     
3810,2017-10-31,15,0.0120,NOX,Parts Per Million ( ppm ),,,San Jose-Knox Avenue                     
3810,2017-10-31,16,0.0292,NOX,Parts Per Million ( ppm ),,,San Jose-Knox Avenue                     
3810,2017-10-31,17,0.0269,NOX,Parts Per Million ( ppm ),,,San Jose-Knox Avenue                     
3810,2017-10-31,18,0.0203,NOX,Parts Per Million ( ppm ),,,San Jose-Knox Avenue                     
3810,2017-10-31,19,0.0195,NOX,Parts Per Million ( ppm ),,,San Jose-Knox Avenue                     
3810,2017-10-31,20,0.0181,NOX,Parts Per Million ( ppm ),,,San Jose-Knox Avenue                     
3810,2017-10-31,21,0.0269,NOX,Parts Per Million ( ppm ),,,San Jose-Knox Avenue                     
3810,2017-10-31,22,0.0287,NOX,Parts Per Million ( ppm ),,,San Jose-Knox Avenue                     
3810,2017-10-31,23,0.0191,NOX,Parts Per Million ( ppm ),,,San Jose-Knox Avenue                    
 
 Quality Flag Definition 
0, Valid observation 
1, The data supplier marked the observation as suspect - but it is still valid 
2, The automated qa routine judged the observation questionable and invalid 
3, The automated qa routine judged the observation invalid  
4, The data supplier flagged the observation invalid  
5, The observation was flagged invalid manually  

Data extracted from mrgd database: 
July 22, 2019 at 19:33:10
  
