site,date,start_hour,value,variable,units,quality,prelim,name 
3810,2017-10-01,0,13,PM25HR,Micrograms/Cubic Meter ( ug/m<sup>3</sup> ),,,San Jose-Knox Avenue                     
3810,2017-10-01,1,13,PM25HR,Micrograms/Cubic Meter ( ug/m<sup>3</sup> ),,,San Jose-Knox Avenue                     
3810,2017-10-01,2,14,PM25HR,Micrograms/Cubic Meter ( ug/m<sup>3</sup> ),,,San Jose-Knox Avenue                     
3810,2017-10-01,3,11,PM25HR,Micrograms/Cubic Meter ( ug/m<sup>3</sup> ),,,San Jose-Knox Avenue                     
3810,2017-10-01,4,11,PM25HR,Micrograms/Cubic Meter ( ug/m<sup>3</sup> ),,,San Jose-Knox Avenue                     
3810,2017-10-01,5,13,PM25HR,Micrograms/Cubic Meter ( ug/m<sup>3</sup> ),,,San Jose-Knox Avenue                     
3810,2017-10-01,6,17,PM25HR,Micrograms/Cubic Meter ( ug/m<sup>3</sup> ),,,San Jose-Knox Avenue                     
3810,2017-10-01,7,13,PM25HR,Micrograms/Cubic Meter ( ug/m<sup>3</sup> ),,,San Jose-Knox Avenue                     
3810,2017-10-01,8,13,PM25HR,Micrograms/Cubic Meter ( ug/m<sup>3</sup> ),,,San Jose-Knox Avenue                     
3810,2017-10-01,9,15,PM25HR,Micrograms/Cubic Meter ( ug/m<sup>3</sup> ),,,San Jose-Knox Avenue                     
3810,2017-10-01,10,11,PM25HR,Micrograms/Cubic Meter ( ug/m<sup>3</sup> ),,,San Jose-Knox Avenue                     
3810,2017-10-01,11,7,PM25HR,Micrograms/Cubic Meter ( ug/m<sup>3</sup> ),,,San Jose-Knox Avenue                     
3810,2017-10-01,12,4,PM25HR,Micrograms/Cubic Meter ( ug/m<sup>3</sup> ),,,San Jose-Knox Avenue                     
3810,2017-10-01,13,6,PM25HR,Micrograms/Cubic Meter ( ug/m<sup>3</sup> ),,,San Jose-Knox Avenue                     
3810,2017-10-01,14,7,PM25HR,Micrograms/Cubic Meter ( ug/m<sup>3</sup> ),,,San Jose-Knox Avenue                     
3810,2017-10-01,15,6,PM25HR,Micrograms/Cubic Meter ( ug/m<sup>3</sup> ),,,San Jose-Knox Avenue                     
3810,2017-10-01,16,11,PM25HR,Micrograms/Cubic Meter ( ug/m<sup>3</sup> ),,,San Jose-Knox Avenue                     
3810,2017-10-01,17,8,PM25HR,Micrograms/Cubic Meter ( ug/m<sup>3</sup> ),,,San Jose-Knox Avenue                     
3810,2017-10-01,18,10,PM25HR,Micrograms/Cubic Meter ( ug/m<sup>3</sup> ),,,San Jose-Knox Avenue                     
3810,2017-10-01,19,14,PM25HR,Micrograms/Cubic Meter ( ug/m<sup>3</sup> ),,,San Jose-Knox Avenue                     
3810,2017-10-01,20,13,PM25HR,Micrograms/Cubic Meter ( ug/m<sup>3</sup> ),,,San Jose-Knox Avenue                     
3810,2017-10-01,21,13,PM25HR,Micrograms/Cubic Meter ( ug/m<sup>3</sup> ),,,San Jose-Knox Avenue                     
3810,2017-10-01,22,11,PM25HR,Micrograms/Cubic Meter ( ug/m<sup>3</sup> ),,,San Jose-Knox Avenue                     
3810,2017-10-01,23,10,PM25HR,Micrograms/Cubic Meter ( ug/m<sup>3</sup> ),,,San Jose-Knox Avenue                     
3810,2017-10-02,0,13,PM25HR,Micrograms/Cubic Meter ( ug/m<sup>3</sup> ),,,San Jose-Knox Avenue                     
3810,2017-10-02,1,13,PM25HR,Micrograms/Cubic Meter ( ug/m<sup>3</sup> ),,,San Jose-Knox Avenue                     
3810,2017-10-02,2,12,PM25HR,Micrograms/Cubic Meter ( ug/m<sup>3</sup> ),,,San Jose-Knox Avenue                     
3810,2017-10-02,3,12,PM25HR,Micrograms/Cubic Meter ( ug/m<sup>3</sup> ),,,San Jose-Knox Avenue                     
3810,2017-10-02,4,11,PM25HR,Micrograms/Cubic Meter ( ug/m<sup>3</sup> ),,,San Jose-Knox Avenue                     
3810,2017-10-02,5,16,PM25HR,Micrograms/Cubic Meter ( ug/m<sup>3</sup> ),,,San Jose-Knox Avenue                     
3810,2017-10-02,6,11,PM25HR,Micrograms/Cubic Meter ( ug/m<sup>3</sup> ),,,San Jose-Knox Avenue                     
3810,2017-10-02,7,15,PM25HR,Micrograms/Cubic Meter ( ug/m<sup>3</sup> ),,,San Jose-Knox Avenue                     
3810,2017-10-02,8,6,PM25HR,Micrograms/Cubic Meter ( ug/m<sup>3</sup> ),,,San Jose-Knox Avenue                     
3810,2017-10-02,9,7,PM25HR,Micrograms/Cubic Meter ( ug/m<sup>3</sup> ),,,San Jose-Knox Avenue                     
3810,2017-10-02,10,6,PM25HR,Micrograms/Cubic Meter ( ug/m<sup>3</sup> ),,,San Jose-Knox Avenue                     
3810,2017-10-02,11,5,PM25HR,Micrograms/Cubic Meter ( ug/m<sup>3</sup> ),,,San Jose-Knox Avenue                     
3810,2017-10-02,12,3,PM25HR,Micrograms/Cubic Meter ( ug/m<sup>3</sup> ),,,San Jose-Knox Avenue                     
3810,2017-10-02,13,2,PM25HR,Micrograms/Cubic Meter ( ug/m<sup>3</sup> ),,,San Jose-Knox Avenue                     
3810,2017-10-02,14,3,PM25HR,Micrograms/Cubic Meter ( ug/m<sup>3</sup> ),,,San Jose-Knox Avenue                     
3810,2017-10-02,15,3,PM25HR,Micrograms/Cubic Meter ( ug/m<sup>3</sup> ),,,San Jose-Knox Avenue                     
3810,2017-10-02,16,6,PM25HR,Micrograms/Cubic Meter ( ug/m<sup>3</sup> ),,,San Jose-Knox Avenue                     
3810,2017-10-02,17,5,PM25HR,Micrograms/Cubic Meter ( ug/m<sup>3</sup> ),,,San Jose-Knox Avenue                     
3810,2017-10-02,18,6,PM25HR,Micrograms/Cubic Meter ( ug/m<sup>3</sup> ),,,San Jose-Knox Avenue                     
3810,2017-10-02,19,16,PM25HR,Micrograms/Cubic Meter ( ug/m<sup>3</sup> ),,,San Jose-Knox Avenue                     
3810,2017-10-02,20,13,PM25HR,Micrograms/Cubic Meter ( ug/m<sup>3</sup> ),,,San Jose-Knox Avenue                     
3810,2017-10-02,21,13,PM25HR,Micrograms/Cubic Meter ( ug/m<sup>3</sup> ),,,San Jose-Knox Avenue                     
3810,2017-10-02,22,13,PM25HR,Micrograms/Cubic Meter ( ug/m<sup>3</sup> ),,,San Jose-Knox Avenue                     
3810,2017-10-02,23,13,PM25HR,Micrograms/Cubic Meter ( ug/m<sup>3</sup> ),,,San Jose-Knox Avenue                     
3810,2017-10-03,0,14,PM25HR,Micrograms/Cubic Meter ( ug/m<sup>3</sup> ),,,San Jose-Knox Avenue                     
3810,2017-10-03,1,12,PM25HR,Micrograms/Cubic Meter ( ug/m<sup>3</sup> ),,,San Jose-Knox Avenue                     
3810,2017-10-03,2,8,PM25HR,Micrograms/Cubic Meter ( ug/m<sup>3</sup> ),,,San Jose-Knox Avenue                     
3810,2017-10-03,3,10,PM25HR,Micrograms/Cubic Meter ( ug/m<sup>3</sup> ),,,San Jose-Knox Avenue                     
3810,2017-10-03,4,12,PM25HR,Micrograms/Cubic Meter ( ug/m<sup>3</sup> ),,,San Jose-Knox Avenue                     
3810,2017-10-03,5,18,PM25HR,Micrograms/Cubic Meter ( ug/m<sup>3</sup> ),,,San Jose-Knox Avenue                     
3810,2017-10-03,6,15,PM25HR,Micrograms/Cubic Meter ( ug/m<sup>3</sup> ),,,San Jose-Knox Avenue                     
3810,2017-10-03,7,9,PM25HR,Micrograms/Cubic Meter ( ug/m<sup>3</sup> ),,,San Jose-Knox Avenue                     
3810,2017-10-03,8,17,PM25HR,Micrograms/Cubic Meter ( ug/m<sup>3</sup> ),,,San Jose-Knox Avenue                     
3810,2017-10-03,9,8,PM25HR,Micrograms/Cubic Meter ( ug/m<sup>3</sup> ),,,San Jose-Knox Avenue                     
3810,2017-10-03,11,11,PM25HR,Micrograms/Cubic Meter ( ug/m<sup>3</sup> ),,,San Jose-Knox Avenue                     
3810,2017-10-03,12,11,PM25HR,Micrograms/Cubic Meter ( ug/m<sup>3</sup> ),,,San Jose-Knox Avenue                     
3810,2017-10-03,13,8,PM25HR,Micrograms/Cubic Meter ( ug/m<sup>3</sup> ),,,San Jose-Knox Avenue                     
3810,2017-10-03,14,15,PM25HR,Micrograms/Cubic Meter ( ug/m<sup>3</sup> ),,,San Jose-Knox Avenue                     
3810,2017-10-03,15,11,PM25HR,Micrograms/Cubic Meter ( ug/m<sup>3</sup> ),,,San Jose-Knox Avenue                     
3810,2017-10-03,16,8,PM25HR,Micrograms/Cubic Meter ( ug/m<sup>3</sup> ),,,San Jose-Knox Avenue                     
3810,2017-10-03,17,4,PM25HR,Micrograms/Cubic Meter ( ug/m<sup>3</sup> ),,,San Jose-Knox Avenue                     
3810,2017-10-03,18,7,PM25HR,Micrograms/Cubic Meter ( ug/m<sup>3</sup> ),,,San Jose-Knox Avenue                     
3810,2017-10-03,19,8,PM25HR,Micrograms/Cubic Meter ( ug/m<sup>3</sup> ),,,San Jose-Knox Avenue                     
3810,2017-10-03,20,10,PM25HR,Micrograms/Cubic Meter ( ug/m<sup>3</sup> ),,,San Jose-Knox Avenue                     
3810,2017-10-03,21,21,PM25HR,Micrograms/Cubic Meter ( ug/m<sup>3</sup> ),,,San Jose-Knox Avenue                     
3810,2017-10-03,22,14,PM25HR,Micrograms/Cubic Meter ( ug/m<sup>3</sup> ),,,San Jose-Knox Avenue                     
3810,2017-10-03,23,13,PM25HR,Micrograms/Cubic Meter ( ug/m<sup>3</sup> ),,,San Jose-Knox Avenue                     
3810,2017-10-04,0,11,PM25HR,Micrograms/Cubic Meter ( ug/m<sup>3</sup> ),,,San Jose-Knox Avenue                     
3810,2017-10-04,1,7,PM25HR,Micrograms/Cubic Meter ( ug/m<sup>3</sup> ),,,San Jose-Knox Avenue                     
3810,2017-10-04,2,10,PM25HR,Micrograms/Cubic Meter ( ug/m<sup>3</sup> ),,,San Jose-Knox Avenue                     
3810,2017-10-04,3,10,PM25HR,Micrograms/Cubic Meter ( ug/m<sup>3</sup> ),,,San Jose-Knox Avenue                     
3810,2017-10-04,4,12,PM25HR,Micrograms/Cubic Meter ( ug/m<sup>3</sup> ),,,San Jose-Knox Avenue                     
3810,2017-10-04,5,11,PM25HR,Micrograms/Cubic Meter ( ug/m<sup>3</sup> ),,,San Jose-Knox Avenue                     
3810,2017-10-04,6,15,PM25HR,Micrograms/Cubic Meter ( ug/m<sup>3</sup> ),,,San Jose-Knox Avenue                     
3810,2017-10-04,7,11,PM25HR,Micrograms/Cubic Meter ( ug/m<sup>3</sup> ),,,San Jose-Knox Avenue                     
3810,2017-10-04,8,11,PM25HR,Micrograms/Cubic Meter ( ug/m<sup>3</sup> ),,,San Jose-Knox Avenue                     
3810,2017-10-04,9,7,PM25HR,Micrograms/Cubic Meter ( ug/m<sup>3</sup> ),,,San Jose-Knox Avenue                     
3810,2017-10-04,10,4,PM25HR,Micrograms/Cubic Meter ( ug/m<sup>3</sup> ),,,San Jose-Knox Avenue                     
3810,2017-10-04,11,6,PM25HR,Micrograms/Cubic Meter ( ug/m<sup>3</sup> ),,,San Jose-Knox Avenue                     
3810,2017-10-04,12,5,PM25HR,Micrograms/Cubic Meter ( ug/m<sup>3</sup> ),,,San Jose-Knox Avenue                     
3810,2017-10-04,13,4,PM25HR,Micrograms/Cubic Meter ( ug/m<sup>3</sup> ),,,San Jose-Knox Avenue                     
3810,2017-10-04,14,5,PM25HR,Micrograms/Cubic Meter ( ug/m<sup>3</sup> ),,,San Jose-Knox Avenue                     
3810,2017-10-04,15,8,PM25HR,Micrograms/Cubic Meter ( ug/m<sup>3</sup> ),,,San Jose-Knox Avenue                     
3810,2017-10-04,16,8,PM25HR,Micrograms/Cubic Meter ( ug/m<sup>3</sup> ),,,San Jose-Knox Avenue                     
3810,2017-10-04,17,7,PM25HR,Micrograms/Cubic Meter ( ug/m<sup>3</sup> ),,,San Jose-Knox Avenue                     
3810,2017-10-04,18,12,PM25HR,Micrograms/Cubic Meter ( ug/m<sup>3</sup> ),,,San Jose-Knox Avenue                     
3810,2017-10-04,19,10,PM25HR,Micrograms/Cubic Meter ( ug/m<sup>3</sup> ),,,San Jose-Knox Avenue                     
3810,2017-10-04,20,8,PM25HR,Micrograms/Cubic Meter ( ug/m<sup>3</sup> ),,,San Jose-Knox Avenue                     
3810,2017-10-04,21,10,PM25HR,Micrograms/Cubic Meter ( ug/m<sup>3</sup> ),,,San Jose-Knox Avenue                     
3810,2017-10-04,22,13,PM25HR,Micrograms/Cubic Meter ( ug/m<sup>3</sup> ),,,San Jose-Knox Avenue                     
3810,2017-10-04,23,8,PM25HR,Micrograms/Cubic Meter ( ug/m<sup>3</sup> ),,,San Jose-Knox Avenue                     
3810,2017-10-05,0,8,PM25HR,Micrograms/Cubic Meter ( ug/m<sup>3</sup> ),,,San Jose-Knox Avenue                     
3810,2017-10-05,1,8,PM25HR,Micrograms/Cubic Meter ( ug/m<sup>3</sup> ),,,San Jose-Knox Avenue                     
3810,2017-10-05,2,12,PM25HR,Micrograms/Cubic Meter ( ug/m<sup>3</sup> ),,,San Jose-Knox Avenue                     
3810,2017-10-05,3,15,PM25HR,Micrograms/Cubic Meter ( ug/m<sup>3</sup> ),,,San Jose-Knox Avenue                     
3810,2017-10-05,4,10,PM25HR,Micrograms/Cubic Meter ( ug/m<sup>3</sup> ),,,San Jose-Knox Avenue                     
3810,2017-10-05,5,15,PM25HR,Micrograms/Cubic Meter ( ug/m<sup>3</sup> ),,,San Jose-Knox Avenue                     
3810,2017-10-05,6,33,PM25HR,Micrograms/Cubic Meter ( ug/m<sup>3</sup> ),,,San Jose-Knox Avenue                     
3810,2017-10-05,7,9,PM25HR,Micrograms/Cubic Meter ( ug/m<sup>3</sup> ),,,San Jose-Knox Avenue                     
3810,2017-10-05,8,15,PM25HR,Micrograms/Cubic Meter ( ug/m<sup>3</sup> ),,,San Jose-Knox Avenue                     
3810,2017-10-05,9,16,PM25HR,Micrograms/Cubic Meter ( ug/m<sup>3</sup> ),,,San Jose-Knox Avenue                     
3810,2017-10-05,10,9,PM25HR,Micrograms/Cubic Meter ( ug/m<sup>3</sup> ),,,San Jose-Knox Avenue                     
3810,2017-10-05,11,7,PM25HR,Micrograms/Cubic Meter ( ug/m<sup>3</sup> ),,,San Jose-Knox Avenue                     
3810,2017-10-05,12,9,PM25HR,Micrograms/Cubic Meter ( ug/m<sup>3</sup> ),,,San Jose-Knox Avenue                     
3810,2017-10-05,13,7,PM25HR,Micrograms/Cubic Meter ( ug/m<sup>3</sup> ),,,San Jose-Knox Avenue                     
3810,2017-10-05,14,6,PM25HR,Micrograms/Cubic Meter ( ug/m<sup>3</sup> ),,,San Jose-Knox Avenue                     
3810,2017-10-05,15,6,PM25HR,Micrograms/Cubic Meter ( ug/m<sup>3</sup> ),,,San Jose-Knox Avenue                     
3810,2017-10-05,16,6,PM25HR,Micrograms/Cubic Meter ( ug/m<sup>3</sup> ),,,San Jose-Knox Avenue                     
3810,2017-10-05,17,8,PM25HR,Micrograms/Cubic Meter ( ug/m<sup>3</sup> ),,,San Jose-Knox Avenue                     
3810,2017-10-05,18,7,PM25HR,Micrograms/Cubic Meter ( ug/m<sup>3</sup> ),,,San Jose-Knox Avenue                     
3810,2017-10-05,19,8,PM25HR,Micrograms/Cubic Meter ( ug/m<sup>3</sup> ),,,San Jose-Knox Avenue                     
3810,2017-10-05,20,6,PM25HR,Micrograms/Cubic Meter ( ug/m<sup>3</sup> ),,,San Jose-Knox Avenue                     
3810,2017-10-05,21,10,PM25HR,Micrograms/Cubic Meter ( ug/m<sup>3</sup> ),,,San Jose-Knox Avenue                     
3810,2017-10-05,22,19,PM25HR,Micrograms/Cubic Meter ( ug/m<sup>3</sup> ),,,San Jose-Knox Avenue                     
3810,2017-10-05,23,12,PM25HR,Micrograms/Cubic Meter ( ug/m<sup>3</sup> ),,,San Jose-Knox Avenue                     
3810,2017-10-06,0,10,PM25HR,Micrograms/Cubic Meter ( ug/m<sup>3</sup> ),,,San Jose-Knox Avenue                     
3810,2017-10-06,1,11,PM25HR,Micrograms/Cubic Meter ( ug/m<sup>3</sup> ),,,San Jose-Knox Avenue                     
3810,2017-10-06,2,11,PM25HR,Micrograms/Cubic Meter ( ug/m<sup>3</sup> ),,,San Jose-Knox Avenue                     
3810,2017-10-06,3,11,PM25HR,Micrograms/Cubic Meter ( ug/m<sup>3</sup> ),,,San Jose-Knox Avenue                     
3810,2017-10-06,4,10,PM25HR,Micrograms/Cubic Meter ( ug/m<sup>3</sup> ),,,San Jose-Knox Avenue                     
3810,2017-10-06,5,15,PM25HR,Micrograms/Cubic Meter ( ug/m<sup>3</sup> ),,,San Jose-Knox Avenue                     
3810,2017-10-06,6,11,PM25HR,Micrograms/Cubic Meter ( ug/m<sup>3</sup> ),,,San Jose-Knox Avenue                     
3810,2017-10-06,7,12,PM25HR,Micrograms/Cubic Meter ( ug/m<sup>3</sup> ),,,San Jose-Knox Avenue                     
3810,2017-10-06,8,13,PM25HR,Micrograms/Cubic Meter ( ug/m<sup>3</sup> ),,,San Jose-Knox Avenue                     
3810,2017-10-06,15,1,PM25HR,Micrograms/Cubic Meter ( ug/m<sup>3</sup> ),,,San Jose-Knox Avenue                     
3810,2017-10-06,16,1,PM25HR,Micrograms/Cubic Meter ( ug/m<sup>3</sup> ),,,San Jose-Knox Avenue                     
3810,2017-10-06,17,2,PM25HR,Micrograms/Cubic Meter ( ug/m<sup>3</sup> ),,,San Jose-Knox Avenue                     
3810,2017-10-06,18,3,PM25HR,Micrograms/Cubic Meter ( ug/m<sup>3</sup> ),,,San Jose-Knox Avenue                     
3810,2017-10-06,19,3,PM25HR,Micrograms/Cubic Meter ( ug/m<sup>3</sup> ),,,San Jose-Knox Avenue                     
3810,2017-10-06,20,2,PM25HR,Micrograms/Cubic Meter ( ug/m<sup>3</sup> ),,,San Jose-Knox Avenue                     
3810,2017-10-06,21,1,PM25HR,Micrograms/Cubic Meter ( ug/m<sup>3</sup> ),,,San Jose-Knox Avenue                     
3810,2017-10-06,22,1,PM25HR,Micrograms/Cubic Meter ( ug/m<sup>3</sup> ),,,San Jose-Knox Avenue                     
3810,2017-10-06,23,1,PM25HR,Micrograms/Cubic Meter ( ug/m<sup>3</sup> ),,,San Jose-Knox Avenue                     
3810,2017-10-07,0,0,PM25HR,Micrograms/Cubic Meter ( ug/m<sup>3</sup> ),,,San Jose-Knox Avenue                     
3810,2017-10-07,1,0,PM25HR,Micrograms/Cubic Meter ( ug/m<sup>3</sup> ),,,San Jose-Knox Avenue                     
3810,2017-10-07,2,2,PM25HR,Micrograms/Cubic Meter ( ug/m<sup>3</sup> ),,,San Jose-Knox Avenue                     
3810,2017-10-07,3,1,PM25HR,Micrograms/Cubic Meter ( ug/m<sup>3</sup> ),,,San Jose-Knox Avenue                     
3810,2017-10-07,4,-1,PM25HR,Micrograms/Cubic Meter ( ug/m<sup>3</sup> ),,,San Jose-Knox Avenue                     
3810,2017-10-07,5,-2,PM25HR,Micrograms/Cubic Meter ( ug/m<sup>3</sup> ),,,San Jose-Knox Avenue                     
3810,2017-10-07,6,0,PM25HR,Micrograms/Cubic Meter ( ug/m<sup>3</sup> ),,,San Jose-Knox Avenue                     
3810,2017-10-07,7,3,PM25HR,Micrograms/Cubic Meter ( ug/m<sup>3</sup> ),,,San Jose-Knox Avenue                     
3810,2017-10-07,8,1,PM25HR,Micrograms/Cubic Meter ( ug/m<sup>3</sup> ),,,San Jose-Knox Avenue                     
3810,2017-10-07,9,1,PM25HR,Micrograms/Cubic Meter ( ug/m<sup>3</sup> ),,,San Jose-Knox Avenue                     
3810,2017-10-07,10,3,PM25HR,Micrograms/Cubic Meter ( ug/m<sup>3</sup> ),,,San Jose-Knox Avenue                     
3810,2017-10-07,11,5,PM25HR,Micrograms/Cubic Meter ( ug/m<sup>3</sup> ),,,San Jose-Knox Avenue                     
3810,2017-10-07,12,6,PM25HR,Micrograms/Cubic Meter ( ug/m<sup>3</sup> ),,,San Jose-Knox Avenue                     
3810,2017-10-07,13,3,PM25HR,Micrograms/Cubic Meter ( ug/m<sup>3</sup> ),,,San Jose-Knox Avenue                     
3810,2017-10-07,14,2,PM25HR,Micrograms/Cubic Meter ( ug/m<sup>3</sup> ),,,San Jose-Knox Avenue                     
3810,2017-10-07,15,2,PM25HR,Micrograms/Cubic Meter ( ug/m<sup>3</sup> ),,,San Jose-Knox Avenue                     
3810,2017-10-07,16,0,PM25HR,Micrograms/Cubic Meter ( ug/m<sup>3</sup> ),,,San Jose-Knox Avenue                     
3810,2017-10-07,17,0,PM25HR,Micrograms/Cubic Meter ( ug/m<sup>3</sup> ),,,San Jose-Knox Avenue                     
3810,2017-10-07,18,3,PM25HR,Micrograms/Cubic Meter ( ug/m<sup>3</sup> ),,,San Jose-Knox Avenue                     
3810,2017-10-07,19,3,PM25HR,Micrograms/Cubic Meter ( ug/m<sup>3</sup> ),,,San Jose-Knox Avenue                     
3810,2017-10-07,20,5,PM25HR,Micrograms/Cubic Meter ( ug/m<sup>3</sup> ),,,San Jose-Knox Avenue                     
3810,2017-10-07,21,4,PM25HR,Micrograms/Cubic Meter ( ug/m<sup>3</sup> ),,,San Jose-Knox Avenue                     
3810,2017-10-07,22,4,PM25HR,Micrograms/Cubic Meter ( ug/m<sup>3</sup> ),,,San Jose-Knox Avenue                     
3810,2017-10-07,23,3,PM25HR,Micrograms/Cubic Meter ( ug/m<sup>3</sup> ),,,San Jose-Knox Avenue                     
3810,2017-10-08,0,2,PM25HR,Micrograms/Cubic Meter ( ug/m<sup>3</sup> ),,,San Jose-Knox Avenue                     
3810,2017-10-08,1,-1,PM25HR,Micrograms/Cubic Meter ( ug/m<sup>3</sup> ),,,San Jose-Knox Avenue                     
3810,2017-10-08,2,-1,PM25HR,Micrograms/Cubic Meter ( ug/m<sup>3</sup> ),,,San Jose-Knox Avenue                     
3810,2017-10-08,3,4,PM25HR,Micrograms/Cubic Meter ( ug/m<sup>3</sup> ),,,San Jose-Knox Avenue                     
3810,2017-10-08,4,3,PM25HR,Micrograms/Cubic Meter ( ug/m<sup>3</sup> ),,,San Jose-Knox Avenue                     
3810,2017-10-08,5,4,PM25HR,Micrograms/Cubic Meter ( ug/m<sup>3</sup> ),,,San Jose-Knox Avenue                     
3810,2017-10-08,6,2,PM25HR,Micrograms/Cubic Meter ( ug/m<sup>3</sup> ),,,San Jose-Knox Avenue                     
3810,2017-10-08,7,-1,PM25HR,Micrograms/Cubic Meter ( ug/m<sup>3</sup> ),,,San Jose-Knox Avenue                     
3810,2017-10-08,8,1,PM25HR,Micrograms/Cubic Meter ( ug/m<sup>3</sup> ),,,San Jose-Knox Avenue                     
3810,2017-10-08,9,3,PM25HR,Micrograms/Cubic Meter ( ug/m<sup>3</sup> ),,,San Jose-Knox Avenue                     
3810,2017-10-08,10,1,PM25HR,Micrograms/Cubic Meter ( ug/m<sup>3</sup> ),,,San Jose-Knox Avenue                     
3810,2017-10-08,11,-1,PM25HR,Micrograms/Cubic Meter ( ug/m<sup>3</sup> ),,,San Jose-Knox Avenue                     
3810,2017-10-08,12,0,PM25HR,Micrograms/Cubic Meter ( ug/m<sup>3</sup> ),,,San Jose-Knox Avenue                     
3810,2017-10-08,13,1,PM25HR,Micrograms/Cubic Meter ( ug/m<sup>3</sup> ),,,San Jose-Knox Avenue                     
3810,2017-10-08,14,2,PM25HR,Micrograms/Cubic Meter ( ug/m<sup>3</sup> ),,,San Jose-Knox Avenue                     
3810,2017-10-08,15,0,PM25HR,Micrograms/Cubic Meter ( ug/m<sup>3</sup> ),,,San Jose-Knox Avenue                     
3810,2017-10-08,16,1,PM25HR,Micrograms/Cubic Meter ( ug/m<sup>3</sup> ),,,San Jose-Knox Avenue                     
3810,2017-10-08,17,4,PM25HR,Micrograms/Cubic Meter ( ug/m<sup>3</sup> ),,,San Jose-Knox Avenue                     
3810,2017-10-08,18,3,PM25HR,Micrograms/Cubic Meter ( ug/m<sup>3</sup> ),,,San Jose-Knox Avenue                     
3810,2017-10-08,19,1,PM25HR,Micrograms/Cubic Meter ( ug/m<sup>3</sup> ),,,San Jose-Knox Avenue                     
3810,2017-10-08,20,2,PM25HR,Micrograms/Cubic Meter ( ug/m<sup>3</sup> ),,,San Jose-Knox Avenue                     
3810,2017-10-08,21,2,PM25HR,Micrograms/Cubic Meter ( ug/m<sup>3</sup> ),,,San Jose-Knox Avenue                     
3810,2017-10-08,22,3,PM25HR,Micrograms/Cubic Meter ( ug/m<sup>3</sup> ),,,San Jose-Knox Avenue                     
3810,2017-10-08,23,3,PM25HR,Micrograms/Cubic Meter ( ug/m<sup>3</sup> ),,,San Jose-Knox Avenue                     
3810,2017-10-09,0,6,PM25HR,Micrograms/Cubic Meter ( ug/m<sup>3</sup> ),,,San Jose-Knox Avenue                     
3810,2017-10-09,1,4,PM25HR,Micrograms/Cubic Meter ( ug/m<sup>3</sup> ),,,San Jose-Knox Avenue                     
3810,2017-10-09,2,0,PM25HR,Micrograms/Cubic Meter ( ug/m<sup>3</sup> ),,,San Jose-Knox Avenue                     
3810,2017-10-09,3,4,PM25HR,Micrograms/Cubic Meter ( ug/m<sup>3</sup> ),,,San Jose-Knox Avenue                     
3810,2017-10-09,4,6,PM25HR,Micrograms/Cubic Meter ( ug/m<sup>3</sup> ),,,San Jose-Knox Avenue                     
3810,2017-10-09,5,5,PM25HR,Micrograms/Cubic Meter ( ug/m<sup>3</sup> ),,,San Jose-Knox Avenue                     
3810,2017-10-09,6,1,PM25HR,Micrograms/Cubic Meter ( ug/m<sup>3</sup> ),,,San Jose-Knox Avenue                     
3810,2017-10-09,7,2,PM25HR,Micrograms/Cubic Meter ( ug/m<sup>3</sup> ),,,San Jose-Knox Avenue                     
3810,2017-10-09,8,1,PM25HR,Micrograms/Cubic Meter ( ug/m<sup>3</sup> ),,,San Jose-Knox Avenue                     
3810,2017-10-09,9,-1,PM25HR,Micrograms/Cubic Meter ( ug/m<sup>3</sup> ),,,San Jose-Knox Avenue                     
3810,2017-10-09,10,-1,PM25HR,Micrograms/Cubic Meter ( ug/m<sup>3</sup> ),,,San Jose-Knox Avenue                     
3810,2017-10-09,11,-2,PM25HR,Micrograms/Cubic Meter ( ug/m<sup>3</sup> ),,,San Jose-Knox Avenue                     
3810,2017-10-09,12,2,PM25HR,Micrograms/Cubic Meter ( ug/m<sup>3</sup> ),,,San Jose-Knox Avenue                     
3810,2017-10-09,13,7,PM25HR,Micrograms/Cubic Meter ( ug/m<sup>3</sup> ),,,San Jose-Knox Avenue                     
3810,2017-10-09,14,4,PM25HR,Micrograms/Cubic Meter ( ug/m<sup>3</sup> ),,,San Jose-Knox Avenue                     
3810,2017-10-10,12,21,PM25HR,Micrograms/Cubic Meter ( ug/m<sup>3</sup> ),,,San Jose-Knox Avenue                     
3810,2017-10-10,13,17,PM25HR,Micrograms/Cubic Meter ( ug/m<sup>3</sup> ),,,San Jose-Knox Avenue                     
3810,2017-10-10,14,15,PM25HR,Micrograms/Cubic Meter ( ug/m<sup>3</sup> ),,,San Jose-Knox Avenue                     
3810,2017-10-10,15,20,PM25HR,Micrograms/Cubic Meter ( ug/m<sup>3</sup> ),,,San Jose-Knox Avenue                     
3810,2017-10-10,16,18,PM25HR,Micrograms/Cubic Meter ( ug/m<sup>3</sup> ),,,San Jose-Knox Avenue                     
3810,2017-10-10,17,18,PM25HR,Micrograms/Cubic Meter ( ug/m<sup>3</sup> ),,,San Jose-Knox Avenue                     
3810,2017-10-10,18,19,PM25HR,Micrograms/Cubic Meter ( ug/m<sup>3</sup> ),,,San Jose-Knox Avenue                     
3810,2017-10-10,19,30,PM25HR,Micrograms/Cubic Meter ( ug/m<sup>3</sup> ),,,San Jose-Knox Avenue                     
3810,2017-10-10,20,42,PM25HR,Micrograms/Cubic Meter ( ug/m<sup>3</sup> ),,,San Jose-Knox Avenue                     
3810,2017-10-10,21,40,PM25HR,Micrograms/Cubic Meter ( ug/m<sup>3</sup> ),,,San Jose-Knox Avenue                     
3810,2017-10-10,22,25,PM25HR,Micrograms/Cubic Meter ( ug/m<sup>3</sup> ),,,San Jose-Knox Avenue                     
3810,2017-10-10,23,18,PM25HR,Micrograms/Cubic Meter ( ug/m<sup>3</sup> ),,,San Jose-Knox Avenue                     
3810,2017-10-11,0,14,PM25HR,Micrograms/Cubic Meter ( ug/m<sup>3</sup> ),,,San Jose-Knox Avenue                     
3810,2017-10-11,1,18,PM25HR,Micrograms/Cubic Meter ( ug/m<sup>3</sup> ),,,San Jose-Knox Avenue                     
3810,2017-10-11,2,19,PM25HR,Micrograms/Cubic Meter ( ug/m<sup>3</sup> ),,,San Jose-Knox Avenue                     
3810,2017-10-11,3,21,PM25HR,Micrograms/Cubic Meter ( ug/m<sup>3</sup> ),,,San Jose-Knox Avenue                     
3810,2017-10-11,4,19,PM25HR,Micrograms/Cubic Meter ( ug/m<sup>3</sup> ),,,San Jose-Knox Avenue                     
3810,2017-10-11,5,18,PM25HR,Micrograms/Cubic Meter ( ug/m<sup>3</sup> ),,,San Jose-Knox Avenue                     
3810,2017-10-11,6,25,PM25HR,Micrograms/Cubic Meter ( ug/m<sup>3</sup> ),,,San Jose-Knox Avenue                     
3810,2017-10-11,7,26,PM25HR,Micrograms/Cubic Meter ( ug/m<sup>3</sup> ),,,San Jose-Knox Avenue                     
3810,2017-10-11,8,23,PM25HR,Micrograms/Cubic Meter ( ug/m<sup>3</sup> ),,,San Jose-Knox Avenue                     
3810,2017-10-11,9,44,PM25HR,Micrograms/Cubic Meter ( ug/m<sup>3</sup> ),,,San Jose-Knox Avenue                     
3810,2017-10-11,10,44,PM25HR,Micrograms/Cubic Meter ( ug/m<sup>3</sup> ),,,San Jose-Knox Avenue                     
3810,2017-10-11,11,46,PM25HR,Micrograms/Cubic Meter ( ug/m<sup>3</sup> ),,,San Jose-Knox Avenue                     
3810,2017-10-11,12,55,PM25HR,Micrograms/Cubic Meter ( ug/m<sup>3</sup> ),,,San Jose-Knox Avenue                     
3810,2017-10-11,13,111,PM25HR,Micrograms/Cubic Meter ( ug/m<sup>3</sup> ),,,San Jose-Knox Avenue                     
3810,2017-10-11,14,115,PM25HR,Micrograms/Cubic Meter ( ug/m<sup>3</sup> ),,,San Jose-Knox Avenue                     
3810,2017-10-11,15,129,PM25HR,Micrograms/Cubic Meter ( ug/m<sup>3</sup> ),,,San Jose-Knox Avenue                     
3810,2017-10-11,16,56,PM25HR,Micrograms/Cubic Meter ( ug/m<sup>3</sup> ),,,San Jose-Knox Avenue                     
3810,2017-10-11,17,13,PM25HR,Micrograms/Cubic Meter ( ug/m<sup>3</sup> ),,,San Jose-Knox Avenue                     
3810,2017-10-11,18,10,PM25HR,Micrograms/Cubic Meter ( ug/m<sup>3</sup> ),,,San Jose-Knox Avenue                     
3810,2017-10-11,19,9,PM25HR,Micrograms/Cubic Meter ( ug/m<sup>3</sup> ),,,San Jose-Knox Avenue                     
3810,2017-10-11,20,10,PM25HR,Micrograms/Cubic Meter ( ug/m<sup>3</sup> ),,,San Jose-Knox Avenue                     
3810,2017-10-11,21,17,PM25HR,Micrograms/Cubic Meter ( ug/m<sup>3</sup> ),,,San Jose-Knox Avenue                     
3810,2017-10-11,22,19,PM25HR,Micrograms/Cubic Meter ( ug/m<sup>3</sup> ),,,San Jose-Knox Avenue                     
3810,2017-10-11,23,21,PM25HR,Micrograms/Cubic Meter ( ug/m<sup>3</sup> ),,,San Jose-Knox Avenue                     
3810,2017-10-12,0,13,PM25HR,Micrograms/Cubic Meter ( ug/m<sup>3</sup> ),,,San Jose-Knox Avenue                     
3810,2017-10-12,1,15,PM25HR,Micrograms/Cubic Meter ( ug/m<sup>3</sup> ),,,San Jose-Knox Avenue                     
3810,2017-10-12,2,12,PM25HR,Micrograms/Cubic Meter ( ug/m<sup>3</sup> ),,,San Jose-Knox Avenue                     
3810,2017-10-12,3,15,PM25HR,Micrograms/Cubic Meter ( ug/m<sup>3</sup> ),,,San Jose-Knox Avenue                     
3810,2017-10-12,4,12,PM25HR,Micrograms/Cubic Meter ( ug/m<sup>3</sup> ),,,San Jose-Knox Avenue                     
3810,2017-10-12,5,14,PM25HR,Micrograms/Cubic Meter ( ug/m<sup>3</sup> ),,,San Jose-Knox Avenue                     
3810,2017-10-12,6,17,PM25HR,Micrograms/Cubic Meter ( ug/m<sup>3</sup> ),,,San Jose-Knox Avenue                     
3810,2017-10-12,7,30,PM25HR,Micrograms/Cubic Meter ( ug/m<sup>3</sup> ),,,San Jose-Knox Avenue                     
3810,2017-10-12,8,57,PM25HR,Micrograms/Cubic Meter ( ug/m<sup>3</sup> ),,,San Jose-Knox Avenue                     
3810,2017-10-12,9,57,PM25HR,Micrograms/Cubic Meter ( ug/m<sup>3</sup> ),,,San Jose-Knox Avenue                     
3810,2017-10-12,10,29,PM25HR,Micrograms/Cubic Meter ( ug/m<sup>3</sup> ),,,San Jose-Knox Avenue                     
3810,2017-10-12,11,40,PM25HR,Micrograms/Cubic Meter ( ug/m<sup>3</sup> ),,,San Jose-Knox Avenue                     
3810,2017-10-12,12,41,PM25HR,Micrograms/Cubic Meter ( ug/m<sup>3</sup> ),,,San Jose-Knox Avenue                     
3810,2017-10-12,13,52,PM25HR,Micrograms/Cubic Meter ( ug/m<sup>3</sup> ),,,San Jose-Knox Avenue                     
3810,2017-10-12,14,41,PM25HR,Micrograms/Cubic Meter ( ug/m<sup>3</sup> ),,,San Jose-Knox Avenue                     
3810,2017-10-12,15,45,PM25HR,Micrograms/Cubic Meter ( ug/m<sup>3</sup> ),,,San Jose-Knox Avenue                     
3810,2017-10-12,16,59,PM25HR,Micrograms/Cubic Meter ( ug/m<sup>3</sup> ),,,San Jose-Knox Avenue                     
3810,2017-10-12,17,86,PM25HR,Micrograms/Cubic Meter ( ug/m<sup>3</sup> ),,,San Jose-Knox Avenue                     
3810,2017-10-12,18,55,PM25HR,Micrograms/Cubic Meter ( ug/m<sup>3</sup> ),,,San Jose-Knox Avenue                     
3810,2017-10-12,19,35,PM25HR,Micrograms/Cubic Meter ( ug/m<sup>3</sup> ),,,San Jose-Knox Avenue                     
3810,2017-10-12,20,33,PM25HR,Micrograms/Cubic Meter ( ug/m<sup>3</sup> ),,,San Jose-Knox Avenue                     
3810,2017-10-12,21,64,PM25HR,Micrograms/Cubic Meter ( ug/m<sup>3</sup> ),,,San Jose-Knox Avenue                     
3810,2017-10-12,22,67,PM25HR,Micrograms/Cubic Meter ( ug/m<sup>3</sup> ),,,San Jose-Knox Avenue                     
3810,2017-10-12,23,63,PM25HR,Micrograms/Cubic Meter ( ug/m<sup>3</sup> ),,,San Jose-Knox Avenue                     
3810,2017-10-13,0,57,PM25HR,Micrograms/Cubic Meter ( ug/m<sup>3</sup> ),,,San Jose-Knox Avenue                     
3810,2017-10-13,1,55,PM25HR,Micrograms/Cubic Meter ( ug/m<sup>3</sup> ),,,San Jose-Knox Avenue                     
3810,2017-10-13,2,49,PM25HR,Micrograms/Cubic Meter ( ug/m<sup>3</sup> ),,,San Jose-Knox Avenue                     
3810,2017-10-13,3,52,PM25HR,Micrograms/Cubic Meter ( ug/m<sup>3</sup> ),,,San Jose-Knox Avenue                     
3810,2017-10-13,4,47,PM25HR,Micrograms/Cubic Meter ( ug/m<sup>3</sup> ),,,San Jose-Knox Avenue                     
3810,2017-10-13,5,46,PM25HR,Micrograms/Cubic Meter ( ug/m<sup>3</sup> ),,,San Jose-Knox Avenue                     
3810,2017-10-13,6,48,PM25HR,Micrograms/Cubic Meter ( ug/m<sup>3</sup> ),,,San Jose-Knox Avenue                     
3810,2017-10-13,7,50,PM25HR,Micrograms/Cubic Meter ( ug/m<sup>3</sup> ),,,San Jose-Knox Avenue                     
3810,2017-10-13,8,48,PM25HR,Micrograms/Cubic Meter ( ug/m<sup>3</sup> ),,,San Jose-Knox Avenue                     
3810,2017-10-13,9,47,PM25HR,Micrograms/Cubic Meter ( ug/m<sup>3</sup> ),,,San Jose-Knox Avenue                     
3810,2017-10-13,10,45,PM25HR,Micrograms/Cubic Meter ( ug/m<sup>3</sup> ),,,San Jose-Knox Avenue                     
3810,2017-10-13,11,43,PM25HR,Micrograms/Cubic Meter ( ug/m<sup>3</sup> ),,,San Jose-Knox Avenue                     
3810,2017-10-13,12,34,PM25HR,Micrograms/Cubic Meter ( ug/m<sup>3</sup> ),,,San Jose-Knox Avenue                     
3810,2017-10-13,13,30,PM25HR,Micrograms/Cubic Meter ( ug/m<sup>3</sup> ),,,San Jose-Knox Avenue                     
3810,2017-10-13,14,29,PM25HR,Micrograms/Cubic Meter ( ug/m<sup>3</sup> ),,,San Jose-Knox Avenue                     
3810,2017-10-13,15,38,PM25HR,Micrograms/Cubic Meter ( ug/m<sup>3</sup> ),,,San Jose-Knox Avenue                     
3810,2017-10-13,16,50,PM25HR,Micrograms/Cubic Meter ( ug/m<sup>3</sup> ),,,San Jose-Knox Avenue                     
3810,2017-10-13,17,53,PM25HR,Micrograms/Cubic Meter ( ug/m<sup>3</sup> ),,,San Jose-Knox Avenue                     
3810,2017-10-13,18,77,PM25HR,Micrograms/Cubic Meter ( ug/m<sup>3</sup> ),,,San Jose-Knox Avenue                     
3810,2017-10-13,19,50,PM25HR,Micrograms/Cubic Meter ( ug/m<sup>3</sup> ),,,San Jose-Knox Avenue                     
3810,2017-10-13,20,46,PM25HR,Micrograms/Cubic Meter ( ug/m<sup>3</sup> ),,,San Jose-Knox Avenue                     
3810,2017-10-13,21,63,PM25HR,Micrograms/Cubic Meter ( ug/m<sup>3</sup> ),,,San Jose-Knox Avenue                     
3810,2017-10-13,22,61,PM25HR,Micrograms/Cubic Meter ( ug/m<sup>3</sup> ),,,San Jose-Knox Avenue                     
3810,2017-10-13,23,45,PM25HR,Micrograms/Cubic Meter ( ug/m<sup>3</sup> ),,,San Jose-Knox Avenue                     
3810,2017-10-14,0,52,PM25HR,Micrograms/Cubic Meter ( ug/m<sup>3</sup> ),,,San Jose-Knox Avenue                     
3810,2017-10-14,1,53,PM25HR,Micrograms/Cubic Meter ( ug/m<sup>3</sup> ),,,San Jose-Knox Avenue                     
3810,2017-10-14,2,47,PM25HR,Micrograms/Cubic Meter ( ug/m<sup>3</sup> ),,,San Jose-Knox Avenue                     
3810,2017-10-14,3,53,PM25HR,Micrograms/Cubic Meter ( ug/m<sup>3</sup> ),,,San Jose-Knox Avenue                     
3810,2017-10-14,4,47,PM25HR,Micrograms/Cubic Meter ( ug/m<sup>3</sup> ),,,San Jose-Knox Avenue                     
3810,2017-10-14,5,58,PM25HR,Micrograms/Cubic Meter ( ug/m<sup>3</sup> ),,,San Jose-Knox Avenue                     
3810,2017-10-14,6,52,PM25HR,Micrograms/Cubic Meter ( ug/m<sup>3</sup> ),,,San Jose-Knox Avenue                     
3810,2017-10-14,7,43,PM25HR,Micrograms/Cubic Meter ( ug/m<sup>3</sup> ),,,San Jose-Knox Avenue                     
3810,2017-10-14,8,35,PM25HR,Micrograms/Cubic Meter ( ug/m<sup>3</sup> ),,,San Jose-Knox Avenue                     
3810,2017-10-14,9,7,PM25HR,Micrograms/Cubic Meter ( ug/m<sup>3</sup> ),,,San Jose-Knox Avenue                     
3810,2017-10-14,10,5,PM25HR,Micrograms/Cubic Meter ( ug/m<sup>3</sup> ),,,San Jose-Knox Avenue                     
3810,2017-10-14,11,4,PM25HR,Micrograms/Cubic Meter ( ug/m<sup>3</sup> ),,,San Jose-Knox Avenue                     
3810,2017-10-14,12,2,PM25HR,Micrograms/Cubic Meter ( ug/m<sup>3</sup> ),,,San Jose-Knox Avenue                     
3810,2017-10-14,13,4,PM25HR,Micrograms/Cubic Meter ( ug/m<sup>3</sup> ),,,San Jose-Knox Avenue                     
3810,2017-10-14,14,4,PM25HR,Micrograms/Cubic Meter ( ug/m<sup>3</sup> ),,,San Jose-Knox Avenue                     
3810,2017-10-14,15,7,PM25HR,Micrograms/Cubic Meter ( ug/m<sup>3</sup> ),,,San Jose-Knox Avenue                     
3810,2017-10-14,16,9,PM25HR,Micrograms/Cubic Meter ( ug/m<sup>3</sup> ),,,San Jose-Knox Avenue                     
3810,2017-10-14,17,11,PM25HR,Micrograms/Cubic Meter ( ug/m<sup>3</sup> ),,,San Jose-Knox Avenue                     
3810,2017-10-14,18,15,PM25HR,Micrograms/Cubic Meter ( ug/m<sup>3</sup> ),,,San Jose-Knox Avenue                     
3810,2017-10-14,19,18,PM25HR,Micrograms/Cubic Meter ( ug/m<sup>3</sup> ),,,San Jose-Knox Avenue                     
3810,2017-10-14,20,14,PM25HR,Micrograms/Cubic Meter ( ug/m<sup>3</sup> ),,,San Jose-Knox Avenue                     
3810,2017-10-14,21,10,PM25HR,Micrograms/Cubic Meter ( ug/m<sup>3</sup> ),,,San Jose-Knox Avenue                     
3810,2017-10-14,22,14,PM25HR,Micrograms/Cubic Meter ( ug/m<sup>3</sup> ),,,San Jose-Knox Avenue                     
3810,2017-10-14,23,16,PM25HR,Micrograms/Cubic Meter ( ug/m<sup>3</sup> ),,,San Jose-Knox Avenue                     
3810,2017-10-15,0,16,PM25HR,Micrograms/Cubic Meter ( ug/m<sup>3</sup> ),,,San Jose-Knox Avenue                     
3810,2017-10-15,1,15,PM25HR,Micrograms/Cubic Meter ( ug/m<sup>3</sup> ),,,San Jose-Knox Avenue                     
3810,2017-10-15,2,23,PM25HR,Micrograms/Cubic Meter ( ug/m<sup>3</sup> ),,,San Jose-Knox Avenue                     
3810,2017-10-15,3,11,PM25HR,Micrograms/Cubic Meter ( ug/m<sup>3</sup> ),,,San Jose-Knox Avenue                     
3810,2017-10-15,4,11,PM25HR,Micrograms/Cubic Meter ( ug/m<sup>3</sup> ),,,San Jose-Knox Avenue                     
3810,2017-10-15,5,9,PM25HR,Micrograms/Cubic Meter ( ug/m<sup>3</sup> ),,,San Jose-Knox Avenue                     
3810,2017-10-15,6,12,PM25HR,Micrograms/Cubic Meter ( ug/m<sup>3</sup> ),,,San Jose-Knox Avenue                     
3810,2017-10-15,7,11,PM25HR,Micrograms/Cubic Meter ( ug/m<sup>3</sup> ),,,San Jose-Knox Avenue                     
3810,2017-10-15,8,9,PM25HR,Micrograms/Cubic Meter ( ug/m<sup>3</sup> ),,,San Jose-Knox Avenue                     
3810,2017-10-15,9,5,PM25HR,Micrograms/Cubic Meter ( ug/m<sup>3</sup> ),,,San Jose-Knox Avenue                     
3810,2017-10-15,10,5,PM25HR,Micrograms/Cubic Meter ( ug/m<sup>3</sup> ),,,San Jose-Knox Avenue                     
3810,2017-10-15,11,6,PM25HR,Micrograms/Cubic Meter ( ug/m<sup>3</sup> ),,,San Jose-Knox Avenue                     
3810,2017-10-15,12,7,PM25HR,Micrograms/Cubic Meter ( ug/m<sup>3</sup> ),,,San Jose-Knox Avenue                     
3810,2017-10-15,13,6,PM25HR,Micrograms/Cubic Meter ( ug/m<sup>3</sup> ),,,San Jose-Knox Avenue                     
3810,2017-10-15,14,5,PM25HR,Micrograms/Cubic Meter ( ug/m<sup>3</sup> ),,,San Jose-Knox Avenue                     
3810,2017-10-15,15,10,PM25HR,Micrograms/Cubic Meter ( ug/m<sup>3</sup> ),,,San Jose-Knox Avenue                     
3810,2017-10-15,16,11,PM25HR,Micrograms/Cubic Meter ( ug/m<sup>3</sup> ),,,San Jose-Knox Avenue                     
3810,2017-10-15,17,10,PM25HR,Micrograms/Cubic Meter ( ug/m<sup>3</sup> ),,,San Jose-Knox Avenue                     
3810,2017-10-15,18,13,PM25HR,Micrograms/Cubic Meter ( ug/m<sup>3</sup> ),,,San Jose-Knox Avenue                     
3810,2017-10-15,19,21,PM25HR,Micrograms/Cubic Meter ( ug/m<sup>3</sup> ),,,San Jose-Knox Avenue                     
3810,2017-10-15,20,20,PM25HR,Micrograms/Cubic Meter ( ug/m<sup>3</sup> ),,,San Jose-Knox Avenue                     
3810,2017-10-15,21,22,PM25HR,Micrograms/Cubic Meter ( ug/m<sup>3</sup> ),,,San Jose-Knox Avenue                     
3810,2017-10-15,22,21,PM25HR,Micrograms/Cubic Meter ( ug/m<sup>3</sup> ),,,San Jose-Knox Avenue                     
3810,2017-10-15,23,20,PM25HR,Micrograms/Cubic Meter ( ug/m<sup>3</sup> ),,,San Jose-Knox Avenue                     
3810,2017-10-16,0,17,PM25HR,Micrograms/Cubic Meter ( ug/m<sup>3</sup> ),,,San Jose-Knox Avenue                     
3810,2017-10-16,1,13,PM25HR,Micrograms/Cubic Meter ( ug/m<sup>3</sup> ),,,San Jose-Knox Avenue                     
3810,2017-10-16,2,14,PM25HR,Micrograms/Cubic Meter ( ug/m<sup>3</sup> ),,,San Jose-Knox Avenue                     
3810,2017-10-16,3,18,PM25HR,Micrograms/Cubic Meter ( ug/m<sup>3</sup> ),,,San Jose-Knox Avenue                     
3810,2017-10-16,4,19,PM25HR,Micrograms/Cubic Meter ( ug/m<sup>3</sup> ),,,San Jose-Knox Avenue                     
3810,2017-10-16,5,15,PM25HR,Micrograms/Cubic Meter ( ug/m<sup>3</sup> ),,,San Jose-Knox Avenue                     
3810,2017-10-16,6,15,PM25HR,Micrograms/Cubic Meter ( ug/m<sup>3</sup> ),,,San Jose-Knox Avenue                     
3810,2017-10-16,7,22,PM25HR,Micrograms/Cubic Meter ( ug/m<sup>3</sup> ),,,San Jose-Knox Avenue                     
3810,2017-10-16,8,17,PM25HR,Micrograms/Cubic Meter ( ug/m<sup>3</sup> ),,,San Jose-Knox Avenue                     
3810,2017-10-16,9,19,PM25HR,Micrograms/Cubic Meter ( ug/m<sup>3</sup> ),,,San Jose-Knox Avenue                     
3810,2017-10-16,10,22,PM25HR,Micrograms/Cubic Meter ( ug/m<sup>3</sup> ),,,San Jose-Knox Avenue                     
3810,2017-10-16,11,16,PM25HR,Micrograms/Cubic Meter ( ug/m<sup>3</sup> ),,,San Jose-Knox Avenue                     
3810,2017-10-16,12,16,PM25HR,Micrograms/Cubic Meter ( ug/m<sup>3</sup> ),,,San Jose-Knox Avenue                     
3810,2017-10-16,13,17,PM25HR,Micrograms/Cubic Meter ( ug/m<sup>3</sup> ),,,San Jose-Knox Avenue                     
3810,2017-10-16,14,16,PM25HR,Micrograms/Cubic Meter ( ug/m<sup>3</sup> ),,,San Jose-Knox Avenue                     
3810,2017-10-16,15,16,PM25HR,Micrograms/Cubic Meter ( ug/m<sup>3</sup> ),,,San Jose-Knox Avenue                     
3810,2017-10-16,16,21,PM25HR,Micrograms/Cubic Meter ( ug/m<sup>3</sup> ),,,San Jose-Knox Avenue                     
3810,2017-10-16,17,27,PM25HR,Micrograms/Cubic Meter ( ug/m<sup>3</sup> ),,,San Jose-Knox Avenue                     
3810,2017-10-16,18,27,PM25HR,Micrograms/Cubic Meter ( ug/m<sup>3</sup> ),,,San Jose-Knox Avenue                     
3810,2017-10-16,19,36,PM25HR,Micrograms/Cubic Meter ( ug/m<sup>3</sup> ),,,San Jose-Knox Avenue                     
3810,2017-10-16,20,29,PM25HR,Micrograms/Cubic Meter ( ug/m<sup>3</sup> ),,,San Jose-Knox Avenue                     
3810,2017-10-16,21,26,PM25HR,Micrograms/Cubic Meter ( ug/m<sup>3</sup> ),,,San Jose-Knox Avenue                     
3810,2017-10-16,22,26,PM25HR,Micrograms/Cubic Meter ( ug/m<sup>3</sup> ),,,San Jose-Knox Avenue                     
3810,2017-10-16,23,27,PM25HR,Micrograms/Cubic Meter ( ug/m<sup>3</sup> ),,,San Jose-Knox Avenue                     
3810,2017-10-17,0,29,PM25HR,Micrograms/Cubic Meter ( ug/m<sup>3</sup> ),,,San Jose-Knox Avenue                     
3810,2017-10-17,1,27,PM25HR,Micrograms/Cubic Meter ( ug/m<sup>3</sup> ),,,San Jose-Knox Avenue                     
3810,2017-10-17,2,23,PM25HR,Micrograms/Cubic Meter ( ug/m<sup>3</sup> ),,,San Jose-Knox Avenue                     
3810,2017-10-17,3,24,PM25HR,Micrograms/Cubic Meter ( ug/m<sup>3</sup> ),,,San Jose-Knox Avenue                     
3810,2017-10-17,4,19,PM25HR,Micrograms/Cubic Meter ( ug/m<sup>3</sup> ),,,San Jose-Knox Avenue                     
3810,2017-10-17,5,17,PM25HR,Micrograms/Cubic Meter ( ug/m<sup>3</sup> ),,,San Jose-Knox Avenue                     
3810,2017-10-17,6,26,PM25HR,Micrograms/Cubic Meter ( ug/m<sup>3</sup> ),,,San Jose-Knox Avenue                     
3810,2017-10-17,7,24,PM25HR,Micrograms/Cubic Meter ( ug/m<sup>3</sup> ),,,San Jose-Knox Avenue                     
3810,2017-10-17,8,27,PM25HR,Micrograms/Cubic Meter ( ug/m<sup>3</sup> ),,,San Jose-Knox Avenue                     
3810,2017-10-17,9,34,PM25HR,Micrograms/Cubic Meter ( ug/m<sup>3</sup> ),,,San Jose-Knox Avenue                     
3810,2017-10-17,10,22,PM25HR,Micrograms/Cubic Meter ( ug/m<sup>3</sup> ),,,San Jose-Knox Avenue                     
3810,2017-10-17,11,25,PM25HR,Micrograms/Cubic Meter ( ug/m<sup>3</sup> ),,,San Jose-Knox Avenue                     
3810,2017-10-17,12,22,PM25HR,Micrograms/Cubic Meter ( ug/m<sup>3</sup> ),,,San Jose-Knox Avenue                     
3810,2017-10-17,13,29,PM25HR,Micrograms/Cubic Meter ( ug/m<sup>3</sup> ),,,San Jose-Knox Avenue                     
3810,2017-10-17,14,33,PM25HR,Micrograms/Cubic Meter ( ug/m<sup>3</sup> ),,,San Jose-Knox Avenue                     
3810,2017-10-17,15,46,PM25HR,Micrograms/Cubic Meter ( ug/m<sup>3</sup> ),,,San Jose-Knox Avenue                     
3810,2017-10-17,16,35,PM25HR,Micrograms/Cubic Meter ( ug/m<sup>3</sup> ),,,San Jose-Knox Avenue                     
3810,2017-10-17,17,52,PM25HR,Micrograms/Cubic Meter ( ug/m<sup>3</sup> ),,,San Jose-Knox Avenue                     
3810,2017-10-17,18,32,PM25HR,Micrograms/Cubic Meter ( ug/m<sup>3</sup> ),,,San Jose-Knox Avenue                     
3810,2017-10-17,19,26,PM25HR,Micrograms/Cubic Meter ( ug/m<sup>3</sup> ),,,San Jose-Knox Avenue                     
3810,2017-10-17,20,22,PM25HR,Micrograms/Cubic Meter ( ug/m<sup>3</sup> ),,,San Jose-Knox Avenue                     
3810,2017-10-17,21,22,PM25HR,Micrograms/Cubic Meter ( ug/m<sup>3</sup> ),,,San Jose-Knox Avenue                     
3810,2017-10-17,22,15,PM25HR,Micrograms/Cubic Meter ( ug/m<sup>3</sup> ),,,San Jose-Knox Avenue                     
3810,2017-10-17,23,21,PM25HR,Micrograms/Cubic Meter ( ug/m<sup>3</sup> ),,,San Jose-Knox Avenue                     
3810,2017-10-18,0,20,PM25HR,Micrograms/Cubic Meter ( ug/m<sup>3</sup> ),,,San Jose-Knox Avenue                     
3810,2017-10-18,1,22,PM25HR,Micrograms/Cubic Meter ( ug/m<sup>3</sup> ),,,San Jose-Knox Avenue                     
3810,2017-10-18,2,19,PM25HR,Micrograms/Cubic Meter ( ug/m<sup>3</sup> ),,,San Jose-Knox Avenue                     
3810,2017-10-18,3,24,PM25HR,Micrograms/Cubic Meter ( ug/m<sup>3</sup> ),,,San Jose-Knox Avenue                     
3810,2017-10-18,4,26,PM25HR,Micrograms/Cubic Meter ( ug/m<sup>3</sup> ),,,San Jose-Knox Avenue                     
3810,2017-10-18,5,24,PM25HR,Micrograms/Cubic Meter ( ug/m<sup>3</sup> ),,,San Jose-Knox Avenue                     
3810,2017-10-18,6,26,PM25HR,Micrograms/Cubic Meter ( ug/m<sup>3</sup> ),,,San Jose-Knox Avenue                     
3810,2017-10-18,7,25,PM25HR,Micrograms/Cubic Meter ( ug/m<sup>3</sup> ),,,San Jose-Knox Avenue                     
3810,2017-10-18,8,35,PM25HR,Micrograms/Cubic Meter ( ug/m<sup>3</sup> ),,,San Jose-Knox Avenue                     
3810,2017-10-18,9,40,PM25HR,Micrograms/Cubic Meter ( ug/m<sup>3</sup> ),,,San Jose-Knox Avenue                     
3810,2017-10-18,10,40,PM25HR,Micrograms/Cubic Meter ( ug/m<sup>3</sup> ),,,San Jose-Knox Avenue                     
3810,2017-10-18,11,45,PM25HR,Micrograms/Cubic Meter ( ug/m<sup>3</sup> ),,,San Jose-Knox Avenue                     
3810,2017-10-18,13,36,PM25HR,Micrograms/Cubic Meter ( ug/m<sup>3</sup> ),,,San Jose-Knox Avenue                     
3810,2017-10-18,14,32,PM25HR,Micrograms/Cubic Meter ( ug/m<sup>3</sup> ),,,San Jose-Knox Avenue                     
3810,2017-10-18,15,19,PM25HR,Micrograms/Cubic Meter ( ug/m<sup>3</sup> ),,,San Jose-Knox Avenue                     
3810,2017-10-18,16,9,PM25HR,Micrograms/Cubic Meter ( ug/m<sup>3</sup> ),,,San Jose-Knox Avenue                     
3810,2017-10-18,17,11,PM25HR,Micrograms/Cubic Meter ( ug/m<sup>3</sup> ),,,San Jose-Knox Avenue                     
3810,2017-10-18,18,19,PM25HR,Micrograms/Cubic Meter ( ug/m<sup>3</sup> ),,,San Jose-Knox Avenue                     
3810,2017-10-18,19,18,PM25HR,Micrograms/Cubic Meter ( ug/m<sup>3</sup> ),,,San Jose-Knox Avenue                     
3810,2017-10-18,20,10,PM25HR,Micrograms/Cubic Meter ( ug/m<sup>3</sup> ),,,San Jose-Knox Avenue                     
3810,2017-10-18,21,16,PM25HR,Micrograms/Cubic Meter ( ug/m<sup>3</sup> ),,,San Jose-Knox Avenue                     
3810,2017-10-18,22,13,PM25HR,Micrograms/Cubic Meter ( ug/m<sup>3</sup> ),,,San Jose-Knox Avenue                     
3810,2017-10-18,23,11,PM25HR,Micrograms/Cubic Meter ( ug/m<sup>3</sup> ),,,San Jose-Knox Avenue                     
3810,2017-10-19,0,10,PM25HR,Micrograms/Cubic Meter ( ug/m<sup>3</sup> ),,,San Jose-Knox Avenue                     
3810,2017-10-19,1,9,PM25HR,Micrograms/Cubic Meter ( ug/m<sup>3</sup> ),,,San Jose-Knox Avenue                     
3810,2017-10-19,2,6,PM25HR,Micrograms/Cubic Meter ( ug/m<sup>3</sup> ),,,San Jose-Knox Avenue                     
3810,2017-10-19,3,2,PM25HR,Micrograms/Cubic Meter ( ug/m<sup>3</sup> ),,,San Jose-Knox Avenue                     
3810,2017-10-19,4,1,PM25HR,Micrograms/Cubic Meter ( ug/m<sup>3</sup> ),,,San Jose-Knox Avenue                     
3810,2017-10-19,5,3,PM25HR,Micrograms/Cubic Meter ( ug/m<sup>3</sup> ),,,San Jose-Knox Avenue                     
3810,2017-10-19,6,7,PM25HR,Micrograms/Cubic Meter ( ug/m<sup>3</sup> ),,,San Jose-Knox Avenue                     
3810,2017-10-19,7,8,PM25HR,Micrograms/Cubic Meter ( ug/m<sup>3</sup> ),,,San Jose-Knox Avenue                     
3810,2017-10-19,8,7,PM25HR,Micrograms/Cubic Meter ( ug/m<sup>3</sup> ),,,San Jose-Knox Avenue                     
3810,2017-10-19,9,6,PM25HR,Micrograms/Cubic Meter ( ug/m<sup>3</sup> ),,,San Jose-Knox Avenue                     
3810,2017-10-19,10,5,PM25HR,Micrograms/Cubic Meter ( ug/m<sup>3</sup> ),,,San Jose-Knox Avenue                     
3810,2017-10-19,11,5,PM25HR,Micrograms/Cubic Meter ( ug/m<sup>3</sup> ),,,San Jose-Knox Avenue                     
3810,2017-10-19,12,3,PM25HR,Micrograms/Cubic Meter ( ug/m<sup>3</sup> ),,,San Jose-Knox Avenue                     
3810,2017-10-19,13,2,PM25HR,Micrograms/Cubic Meter ( ug/m<sup>3</sup> ),,,San Jose-Knox Avenue                     
3810,2017-10-19,14,4,PM25HR,Micrograms/Cubic Meter ( ug/m<sup>3</sup> ),,,San Jose-Knox Avenue                     
3810,2017-10-19,15,3,PM25HR,Micrograms/Cubic Meter ( ug/m<sup>3</sup> ),,,San Jose-Knox Avenue                     
3810,2017-10-19,16,4,PM25HR,Micrograms/Cubic Meter ( ug/m<sup>3</sup> ),,,San Jose-Knox Avenue                     
3810,2017-10-19,17,3,PM25HR,Micrograms/Cubic Meter ( ug/m<sup>3</sup> ),,,San Jose-Knox Avenue                     
3810,2017-10-19,18,3,PM25HR,Micrograms/Cubic Meter ( ug/m<sup>3</sup> ),,,San Jose-Knox Avenue                     
3810,2017-10-19,19,5,PM25HR,Micrograms/Cubic Meter ( ug/m<sup>3</sup> ),,,San Jose-Knox Avenue                     
3810,2017-10-19,20,4,PM25HR,Micrograms/Cubic Meter ( ug/m<sup>3</sup> ),,,San Jose-Knox Avenue                     
3810,2017-10-19,21,3,PM25HR,Micrograms/Cubic Meter ( ug/m<sup>3</sup> ),,,San Jose-Knox Avenue                     
3810,2017-10-19,22,4,PM25HR,Micrograms/Cubic Meter ( ug/m<sup>3</sup> ),,,San Jose-Knox Avenue                     
3810,2017-10-19,23,2,PM25HR,Micrograms/Cubic Meter ( ug/m<sup>3</sup> ),,,San Jose-Knox Avenue                     
3810,2017-10-20,0,2,PM25HR,Micrograms/Cubic Meter ( ug/m<sup>3</sup> ),,,San Jose-Knox Avenue                     
3810,2017-10-20,1,2,PM25HR,Micrograms/Cubic Meter ( ug/m<sup>3</sup> ),,,San Jose-Knox Avenue                     
3810,2017-10-20,2,2,PM25HR,Micrograms/Cubic Meter ( ug/m<sup>3</sup> ),,,San Jose-Knox Avenue                     
3810,2017-10-20,3,2,PM25HR,Micrograms/Cubic Meter ( ug/m<sup>3</sup> ),,,San Jose-Knox Avenue                     
3810,2017-10-20,4,1,PM25HR,Micrograms/Cubic Meter ( ug/m<sup>3</sup> ),,,San Jose-Knox Avenue                     
3810,2017-10-20,5,5,PM25HR,Micrograms/Cubic Meter ( ug/m<sup>3</sup> ),,,San Jose-Knox Avenue                     
3810,2017-10-20,6,8,PM25HR,Micrograms/Cubic Meter ( ug/m<sup>3</sup> ),,,San Jose-Knox Avenue                     
3810,2017-10-20,7,7,PM25HR,Micrograms/Cubic Meter ( ug/m<sup>3</sup> ),,,San Jose-Knox Avenue                     
3810,2017-10-20,8,12,PM25HR,Micrograms/Cubic Meter ( ug/m<sup>3</sup> ),,,San Jose-Knox Avenue                     
3810,2017-10-20,9,10,PM25HR,Micrograms/Cubic Meter ( ug/m<sup>3</sup> ),,,San Jose-Knox Avenue                     
3810,2017-10-20,10,7,PM25HR,Micrograms/Cubic Meter ( ug/m<sup>3</sup> ),,,San Jose-Knox Avenue                     
3810,2017-10-20,11,6,PM25HR,Micrograms/Cubic Meter ( ug/m<sup>3</sup> ),,,San Jose-Knox Avenue                     
3810,2017-10-20,12,3,PM25HR,Micrograms/Cubic Meter ( ug/m<sup>3</sup> ),,,San Jose-Knox Avenue                     
3810,2017-10-20,13,1,PM25HR,Micrograms/Cubic Meter ( ug/m<sup>3</sup> ),,,San Jose-Knox Avenue                     
3810,2017-10-20,14,7,PM25HR,Micrograms/Cubic Meter ( ug/m<sup>3</sup> ),,,San Jose-Knox Avenue                     
3810,2017-10-20,15,5,PM25HR,Micrograms/Cubic Meter ( ug/m<sup>3</sup> ),,,San Jose-Knox Avenue                     
3810,2017-10-20,16,10,PM25HR,Micrograms/Cubic Meter ( ug/m<sup>3</sup> ),,,San Jose-Knox Avenue                     
3810,2017-10-20,17,8,PM25HR,Micrograms/Cubic Meter ( ug/m<sup>3</sup> ),,,San Jose-Knox Avenue                     
3810,2017-10-20,18,5,PM25HR,Micrograms/Cubic Meter ( ug/m<sup>3</sup> ),,,San Jose-Knox Avenue                     
3810,2017-10-20,19,4,PM25HR,Micrograms/Cubic Meter ( ug/m<sup>3</sup> ),,,San Jose-Knox Avenue                     
3810,2017-10-20,20,6,PM25HR,Micrograms/Cubic Meter ( ug/m<sup>3</sup> ),,,San Jose-Knox Avenue                     
3810,2017-10-20,21,11,PM25HR,Micrograms/Cubic Meter ( ug/m<sup>3</sup> ),,,San Jose-Knox Avenue                     
3810,2017-10-20,22,10,PM25HR,Micrograms/Cubic Meter ( ug/m<sup>3</sup> ),,,San Jose-Knox Avenue                     
3810,2017-10-20,23,7,PM25HR,Micrograms/Cubic Meter ( ug/m<sup>3</sup> ),,,San Jose-Knox Avenue                     
3810,2017-10-21,0,5,PM25HR,Micrograms/Cubic Meter ( ug/m<sup>3</sup> ),,,San Jose-Knox Avenue                     
3810,2017-10-21,1,9,PM25HR,Micrograms/Cubic Meter ( ug/m<sup>3</sup> ),,,San Jose-Knox Avenue                     
3810,2017-10-21,2,6,PM25HR,Micrograms/Cubic Meter ( ug/m<sup>3</sup> ),,,San Jose-Knox Avenue                     
3810,2017-10-21,3,5,PM25HR,Micrograms/Cubic Meter ( ug/m<sup>3</sup> ),,,San Jose-Knox Avenue                     
3810,2017-10-21,4,11,PM25HR,Micrograms/Cubic Meter ( ug/m<sup>3</sup> ),,,San Jose-Knox Avenue                     
3810,2017-10-21,5,8,PM25HR,Micrograms/Cubic Meter ( ug/m<sup>3</sup> ),,,San Jose-Knox Avenue                     
3810,2017-10-21,6,8,PM25HR,Micrograms/Cubic Meter ( ug/m<sup>3</sup> ),,,San Jose-Knox Avenue                     
3810,2017-10-21,7,9,PM25HR,Micrograms/Cubic Meter ( ug/m<sup>3</sup> ),,,San Jose-Knox Avenue                     
3810,2017-10-21,8,9,PM25HR,Micrograms/Cubic Meter ( ug/m<sup>3</sup> ),,,San Jose-Knox Avenue                     
3810,2017-10-21,9,7,PM25HR,Micrograms/Cubic Meter ( ug/m<sup>3</sup> ),,,San Jose-Knox Avenue                     
3810,2017-10-21,10,7,PM25HR,Micrograms/Cubic Meter ( ug/m<sup>3</sup> ),,,San Jose-Knox Avenue                     
3810,2017-10-21,11,5,PM25HR,Micrograms/Cubic Meter ( ug/m<sup>3</sup> ),,,San Jose-Knox Avenue                     
3810,2017-10-21,12,5,PM25HR,Micrograms/Cubic Meter ( ug/m<sup>3</sup> ),,,San Jose-Knox Avenue                     
3810,2017-10-21,13,4,PM25HR,Micrograms/Cubic Meter ( ug/m<sup>3</sup> ),,,San Jose-Knox Avenue                     
3810,2017-10-21,14,10,PM25HR,Micrograms/Cubic Meter ( ug/m<sup>3</sup> ),,,San Jose-Knox Avenue                     
3810,2017-10-21,15,6,PM25HR,Micrograms/Cubic Meter ( ug/m<sup>3</sup> ),,,San Jose-Knox Avenue                     
3810,2017-10-21,16,3,PM25HR,Micrograms/Cubic Meter ( ug/m<sup>3</sup> ),,,San Jose-Knox Avenue                     
3810,2017-10-21,17,4,PM25HR,Micrograms/Cubic Meter ( ug/m<sup>3</sup> ),,,San Jose-Knox Avenue                     
3810,2017-10-21,18,5,PM25HR,Micrograms/Cubic Meter ( ug/m<sup>3</sup> ),,,San Jose-Knox Avenue                     
3810,2017-10-21,19,5,PM25HR,Micrograms/Cubic Meter ( ug/m<sup>3</sup> ),,,San Jose-Knox Avenue                     
3810,2017-10-21,20,5,PM25HR,Micrograms/Cubic Meter ( ug/m<sup>3</sup> ),,,San Jose-Knox Avenue                     
3810,2017-10-21,21,6,PM25HR,Micrograms/Cubic Meter ( ug/m<sup>3</sup> ),,,San Jose-Knox Avenue                     
3810,2017-10-21,22,13,PM25HR,Micrograms/Cubic Meter ( ug/m<sup>3</sup> ),,,San Jose-Knox Avenue                     
3810,2017-10-21,23,7,PM25HR,Micrograms/Cubic Meter ( ug/m<sup>3</sup> ),,,San Jose-Knox Avenue                     
3810,2017-10-22,0,10,PM25HR,Micrograms/Cubic Meter ( ug/m<sup>3</sup> ),,,San Jose-Knox Avenue                     
3810,2017-10-22,1,9,PM25HR,Micrograms/Cubic Meter ( ug/m<sup>3</sup> ),,,San Jose-Knox Avenue                     
3810,2017-10-22,2,7,PM25HR,Micrograms/Cubic Meter ( ug/m<sup>3</sup> ),,,San Jose-Knox Avenue                     
3810,2017-10-22,3,5,PM25HR,Micrograms/Cubic Meter ( ug/m<sup>3</sup> ),,,San Jose-Knox Avenue                     
3810,2017-10-22,4,3,PM25HR,Micrograms/Cubic Meter ( ug/m<sup>3</sup> ),,,San Jose-Knox Avenue                     
3810,2017-10-22,5,3,PM25HR,Micrograms/Cubic Meter ( ug/m<sup>3</sup> ),,,San Jose-Knox Avenue                     
3810,2017-10-22,6,5,PM25HR,Micrograms/Cubic Meter ( ug/m<sup>3</sup> ),,,San Jose-Knox Avenue                     
3810,2017-10-22,7,9,PM25HR,Micrograms/Cubic Meter ( ug/m<sup>3</sup> ),,,San Jose-Knox Avenue                     
3810,2017-10-22,8,12,PM25HR,Micrograms/Cubic Meter ( ug/m<sup>3</sup> ),,,San Jose-Knox Avenue                     
3810,2017-10-22,9,7,PM25HR,Micrograms/Cubic Meter ( ug/m<sup>3</sup> ),,,San Jose-Knox Avenue                     
3810,2017-10-22,10,7,PM25HR,Micrograms/Cubic Meter ( ug/m<sup>3</sup> ),,,San Jose-Knox Avenue                     
3810,2017-10-22,11,5,PM25HR,Micrograms/Cubic Meter ( ug/m<sup>3</sup> ),,,San Jose-Knox Avenue                     
3810,2017-10-22,12,3,PM25HR,Micrograms/Cubic Meter ( ug/m<sup>3</sup> ),,,San Jose-Knox Avenue                     
3810,2017-10-22,13,19,PM25HR,Micrograms/Cubic Meter ( ug/m<sup>3</sup> ),,,San Jose-Knox Avenue                     
3810,2017-10-22,14,12,PM25HR,Micrograms/Cubic Meter ( ug/m<sup>3</sup> ),,,San Jose-Knox Avenue                     
3810,2017-10-22,15,6,PM25HR,Micrograms/Cubic Meter ( ug/m<sup>3</sup> ),,,San Jose-Knox Avenue                     
3810,2017-10-22,16,2,PM25HR,Micrograms/Cubic Meter ( ug/m<sup>3</sup> ),,,San Jose-Knox Avenue                     
3810,2017-10-22,17,5,PM25HR,Micrograms/Cubic Meter ( ug/m<sup>3</sup> ),,,San Jose-Knox Avenue                     
3810,2017-10-22,18,5,PM25HR,Micrograms/Cubic Meter ( ug/m<sup>3</sup> ),,,San Jose-Knox Avenue                     
3810,2017-10-22,19,47,PM25HR,Micrograms/Cubic Meter ( ug/m<sup>3</sup> ),,,San Jose-Knox Avenue                     
3810,2017-10-22,20,13,PM25HR,Micrograms/Cubic Meter ( ug/m<sup>3</sup> ),,,San Jose-Knox Avenue                     
3810,2017-10-22,21,11,PM25HR,Micrograms/Cubic Meter ( ug/m<sup>3</sup> ),,,San Jose-Knox Avenue                     
3810,2017-10-22,22,8,PM25HR,Micrograms/Cubic Meter ( ug/m<sup>3</sup> ),,,San Jose-Knox Avenue                     
3810,2017-10-22,23,13,PM25HR,Micrograms/Cubic Meter ( ug/m<sup>3</sup> ),,,San Jose-Knox Avenue                     
3810,2017-10-23,0,12,PM25HR,Micrograms/Cubic Meter ( ug/m<sup>3</sup> ),,,San Jose-Knox Avenue                     
3810,2017-10-23,1,8,PM25HR,Micrograms/Cubic Meter ( ug/m<sup>3</sup> ),,,San Jose-Knox Avenue                     
3810,2017-10-23,2,9,PM25HR,Micrograms/Cubic Meter ( ug/m<sup>3</sup> ),,,San Jose-Knox Avenue                     
3810,2017-10-23,3,9,PM25HR,Micrograms/Cubic Meter ( ug/m<sup>3</sup> ),,,San Jose-Knox Avenue                     
3810,2017-10-23,4,11,PM25HR,Micrograms/Cubic Meter ( ug/m<sup>3</sup> ),,,San Jose-Knox Avenue                     
3810,2017-10-23,5,10,PM25HR,Micrograms/Cubic Meter ( ug/m<sup>3</sup> ),,,San Jose-Knox Avenue                     
3810,2017-10-23,6,8,PM25HR,Micrograms/Cubic Meter ( ug/m<sup>3</sup> ),,,San Jose-Knox Avenue                     
3810,2017-10-23,7,7,PM25HR,Micrograms/Cubic Meter ( ug/m<sup>3</sup> ),,,San Jose-Knox Avenue                     
3810,2017-10-23,8,10,PM25HR,Micrograms/Cubic Meter ( ug/m<sup>3</sup> ),,,San Jose-Knox Avenue                     
3810,2017-10-23,10,12,PM25HR,Micrograms/Cubic Meter ( ug/m<sup>3</sup> ),,,San Jose-Knox Avenue                     
3810,2017-10-23,11,7,PM25HR,Micrograms/Cubic Meter ( ug/m<sup>3</sup> ),,,San Jose-Knox Avenue                     
3810,2017-10-23,12,3,PM25HR,Micrograms/Cubic Meter ( ug/m<sup>3</sup> ),,,San Jose-Knox Avenue                     
3810,2017-10-23,13,3,PM25HR,Micrograms/Cubic Meter ( ug/m<sup>3</sup> ),,,San Jose-Knox Avenue                     
3810,2017-10-23,14,5,PM25HR,Micrograms/Cubic Meter ( ug/m<sup>3</sup> ),,,San Jose-Knox Avenue                     
3810,2017-10-23,15,3,PM25HR,Micrograms/Cubic Meter ( ug/m<sup>3</sup> ),,,San Jose-Knox Avenue                     
3810,2017-10-23,16,5,PM25HR,Micrograms/Cubic Meter ( ug/m<sup>3</sup> ),,,San Jose-Knox Avenue                     
3810,2017-10-23,17,5,PM25HR,Micrograms/Cubic Meter ( ug/m<sup>3</sup> ),,,San Jose-Knox Avenue                     
3810,2017-10-23,18,10,PM25HR,Micrograms/Cubic Meter ( ug/m<sup>3</sup> ),,,San Jose-Knox Avenue                     
3810,2017-10-23,19,11,PM25HR,Micrograms/Cubic Meter ( ug/m<sup>3</sup> ),,,San Jose-Knox Avenue                     
3810,2017-10-23,20,9,PM25HR,Micrograms/Cubic Meter ( ug/m<sup>3</sup> ),,,San Jose-Knox Avenue                     
3810,2017-10-23,21,6,PM25HR,Micrograms/Cubic Meter ( ug/m<sup>3</sup> ),,,San Jose-Knox Avenue                     
3810,2017-10-23,22,3,PM25HR,Micrograms/Cubic Meter ( ug/m<sup>3</sup> ),,,San Jose-Knox Avenue                     
3810,2017-10-23,23,5,PM25HR,Micrograms/Cubic Meter ( ug/m<sup>3</sup> ),,,San Jose-Knox Avenue                     
3810,2017-10-24,0,10,PM25HR,Micrograms/Cubic Meter ( ug/m<sup>3</sup> ),,,San Jose-Knox Avenue                     
3810,2017-10-24,1,8,PM25HR,Micrograms/Cubic Meter ( ug/m<sup>3</sup> ),,,San Jose-Knox Avenue                     
3810,2017-10-24,2,6,PM25HR,Micrograms/Cubic Meter ( ug/m<sup>3</sup> ),,,San Jose-Knox Avenue                     
3810,2017-10-24,3,7,PM25HR,Micrograms/Cubic Meter ( ug/m<sup>3</sup> ),,,San Jose-Knox Avenue                     
3810,2017-10-24,4,10,PM25HR,Micrograms/Cubic Meter ( ug/m<sup>3</sup> ),,,San Jose-Knox Avenue                     
3810,2017-10-24,5,8,PM25HR,Micrograms/Cubic Meter ( ug/m<sup>3</sup> ),,,San Jose-Knox Avenue                     
3810,2017-10-24,6,9,PM25HR,Micrograms/Cubic Meter ( ug/m<sup>3</sup> ),,,San Jose-Knox Avenue                     
3810,2017-10-24,7,12,PM25HR,Micrograms/Cubic Meter ( ug/m<sup>3</sup> ),,,San Jose-Knox Avenue                     
3810,2017-10-24,8,7,PM25HR,Micrograms/Cubic Meter ( ug/m<sup>3</sup> ),,,San Jose-Knox Avenue                     
3810,2017-10-24,9,7,PM25HR,Micrograms/Cubic Meter ( ug/m<sup>3</sup> ),,,San Jose-Knox Avenue                     
3810,2017-10-24,10,7,PM25HR,Micrograms/Cubic Meter ( ug/m<sup>3</sup> ),,,San Jose-Knox Avenue                     
3810,2017-10-24,11,8,PM25HR,Micrograms/Cubic Meter ( ug/m<sup>3</sup> ),,,San Jose-Knox Avenue                     
3810,2017-10-24,12,7,PM25HR,Micrograms/Cubic Meter ( ug/m<sup>3</sup> ),,,San Jose-Knox Avenue                     
3810,2017-10-24,13,7,PM25HR,Micrograms/Cubic Meter ( ug/m<sup>3</sup> ),,,San Jose-Knox Avenue                     
3810,2017-10-24,14,12,PM25HR,Micrograms/Cubic Meter ( ug/m<sup>3</sup> ),,,San Jose-Knox Avenue                     
3810,2017-10-24,15,9,PM25HR,Micrograms/Cubic Meter ( ug/m<sup>3</sup> ),,,San Jose-Knox Avenue                     
3810,2017-10-24,16,5,PM25HR,Micrograms/Cubic Meter ( ug/m<sup>3</sup> ),,,San Jose-Knox Avenue                     
3810,2017-10-24,17,13,PM25HR,Micrograms/Cubic Meter ( ug/m<sup>3</sup> ),,,San Jose-Knox Avenue                     
3810,2017-10-24,18,15,PM25HR,Micrograms/Cubic Meter ( ug/m<sup>3</sup> ),,,San Jose-Knox Avenue                     
3810,2017-10-24,19,15,PM25HR,Micrograms/Cubic Meter ( ug/m<sup>3</sup> ),,,San Jose-Knox Avenue                     
3810,2017-10-24,20,13,PM25HR,Micrograms/Cubic Meter ( ug/m<sup>3</sup> ),,,San Jose-Knox Avenue                     
3810,2017-10-24,21,11,PM25HR,Micrograms/Cubic Meter ( ug/m<sup>3</sup> ),,,San Jose-Knox Avenue                     
3810,2017-10-24,22,15,PM25HR,Micrograms/Cubic Meter ( ug/m<sup>3</sup> ),,,San Jose-Knox Avenue                     
3810,2017-10-24,23,15,PM25HR,Micrograms/Cubic Meter ( ug/m<sup>3</sup> ),,,San Jose-Knox Avenue                     
3810,2017-10-25,0,10,PM25HR,Micrograms/Cubic Meter ( ug/m<sup>3</sup> ),,,San Jose-Knox Avenue                     
3810,2017-10-25,1,5,PM25HR,Micrograms/Cubic Meter ( ug/m<sup>3</sup> ),,,San Jose-Knox Avenue                     
3810,2017-10-25,2,3,PM25HR,Micrograms/Cubic Meter ( ug/m<sup>3</sup> ),,,San Jose-Knox Avenue                     
3810,2017-10-25,3,4,PM25HR,Micrograms/Cubic Meter ( ug/m<sup>3</sup> ),,,San Jose-Knox Avenue                     
3810,2017-10-25,4,17,PM25HR,Micrograms/Cubic Meter ( ug/m<sup>3</sup> ),,,San Jose-Knox Avenue                     
3810,2017-10-25,5,16,PM25HR,Micrograms/Cubic Meter ( ug/m<sup>3</sup> ),,,San Jose-Knox Avenue                     
3810,2017-10-25,6,9,PM25HR,Micrograms/Cubic Meter ( ug/m<sup>3</sup> ),,,San Jose-Knox Avenue                     
3810,2017-10-25,7,9,PM25HR,Micrograms/Cubic Meter ( ug/m<sup>3</sup> ),,,San Jose-Knox Avenue                     
3810,2017-10-25,8,12,PM25HR,Micrograms/Cubic Meter ( ug/m<sup>3</sup> ),,,San Jose-Knox Avenue                     
3810,2017-10-25,9,10,PM25HR,Micrograms/Cubic Meter ( ug/m<sup>3</sup> ),,,San Jose-Knox Avenue                     
3810,2017-10-25,10,14,PM25HR,Micrograms/Cubic Meter ( ug/m<sup>3</sup> ),,,San Jose-Knox Avenue                     
3810,2017-10-25,11,14,PM25HR,Micrograms/Cubic Meter ( ug/m<sup>3</sup> ),,,San Jose-Knox Avenue                     
3810,2017-10-25,12,11,PM25HR,Micrograms/Cubic Meter ( ug/m<sup>3</sup> ),,,San Jose-Knox Avenue                     
3810,2017-10-25,13,10,PM25HR,Micrograms/Cubic Meter ( ug/m<sup>3</sup> ),,,San Jose-Knox Avenue                     
3810,2017-10-25,14,10,PM25HR,Micrograms/Cubic Meter ( ug/m<sup>3</sup> ),,,San Jose-Knox Avenue                     
3810,2017-10-25,15,13,PM25HR,Micrograms/Cubic Meter ( ug/m<sup>3</sup> ),,,San Jose-Knox Avenue                     
3810,2017-10-25,16,15,PM25HR,Micrograms/Cubic Meter ( ug/m<sup>3</sup> ),,,San Jose-Knox Avenue                     
3810,2017-10-25,17,14,PM25HR,Micrograms/Cubic Meter ( ug/m<sup>3</sup> ),,,San Jose-Knox Avenue                     
3810,2017-10-25,18,14,PM25HR,Micrograms/Cubic Meter ( ug/m<sup>3</sup> ),,,San Jose-Knox Avenue                     
3810,2017-10-25,19,15,PM25HR,Micrograms/Cubic Meter ( ug/m<sup>3</sup> ),,,San Jose-Knox Avenue                     
3810,2017-10-25,20,17,PM25HR,Micrograms/Cubic Meter ( ug/m<sup>3</sup> ),,,San Jose-Knox Avenue                     
3810,2017-10-25,21,20,PM25HR,Micrograms/Cubic Meter ( ug/m<sup>3</sup> ),,,San Jose-Knox Avenue                     
3810,2017-10-25,22,18,PM25HR,Micrograms/Cubic Meter ( ug/m<sup>3</sup> ),,,San Jose-Knox Avenue                     
3810,2017-10-25,23,16,PM25HR,Micrograms/Cubic Meter ( ug/m<sup>3</sup> ),,,San Jose-Knox Avenue                     
3810,2017-10-26,0,21,PM25HR,Micrograms/Cubic Meter ( ug/m<sup>3</sup> ),,,San Jose-Knox Avenue                     
3810,2017-10-26,1,13,PM25HR,Micrograms/Cubic Meter ( ug/m<sup>3</sup> ),,,San Jose-Knox Avenue                     
3810,2017-10-26,2,13,PM25HR,Micrograms/Cubic Meter ( ug/m<sup>3</sup> ),,,San Jose-Knox Avenue                     
3810,2017-10-26,3,16,PM25HR,Micrograms/Cubic Meter ( ug/m<sup>3</sup> ),,,San Jose-Knox Avenue                     
3810,2017-10-26,4,15,PM25HR,Micrograms/Cubic Meter ( ug/m<sup>3</sup> ),,,San Jose-Knox Avenue                     
3810,2017-10-26,5,16,PM25HR,Micrograms/Cubic Meter ( ug/m<sup>3</sup> ),,,San Jose-Knox Avenue                     
3810,2017-10-26,6,16,PM25HR,Micrograms/Cubic Meter ( ug/m<sup>3</sup> ),,,San Jose-Knox Avenue                     
3810,2017-10-26,7,26,PM25HR,Micrograms/Cubic Meter ( ug/m<sup>3</sup> ),,,San Jose-Knox Avenue                     
3810,2017-10-26,8,17,PM25HR,Micrograms/Cubic Meter ( ug/m<sup>3</sup> ),,,San Jose-Knox Avenue                     
3810,2017-10-26,9,21,PM25HR,Micrograms/Cubic Meter ( ug/m<sup>3</sup> ),,,San Jose-Knox Avenue                     
3810,2017-10-26,10,14,PM25HR,Micrograms/Cubic Meter ( ug/m<sup>3</sup> ),,,San Jose-Knox Avenue                     
3810,2017-10-26,11,18,PM25HR,Micrograms/Cubic Meter ( ug/m<sup>3</sup> ),,,San Jose-Knox Avenue                     
3810,2017-10-26,12,13,PM25HR,Micrograms/Cubic Meter ( ug/m<sup>3</sup> ),,,San Jose-Knox Avenue                     
3810,2017-10-26,13,13,PM25HR,Micrograms/Cubic Meter ( ug/m<sup>3</sup> ),,,San Jose-Knox Avenue                     
3810,2017-10-26,14,14,PM25HR,Micrograms/Cubic Meter ( ug/m<sup>3</sup> ),,,San Jose-Knox Avenue                     
3810,2017-10-26,15,13,PM25HR,Micrograms/Cubic Meter ( ug/m<sup>3</sup> ),,,San Jose-Knox Avenue                     
3810,2017-10-26,16,16,PM25HR,Micrograms/Cubic Meter ( ug/m<sup>3</sup> ),,,San Jose-Knox Avenue                     
3810,2017-10-26,17,18,PM25HR,Micrograms/Cubic Meter ( ug/m<sup>3</sup> ),,,San Jose-Knox Avenue                     
3810,2017-10-26,18,20,PM25HR,Micrograms/Cubic Meter ( ug/m<sup>3</sup> ),,,San Jose-Knox Avenue                     
3810,2017-10-26,19,23,PM25HR,Micrograms/Cubic Meter ( ug/m<sup>3</sup> ),,,San Jose-Knox Avenue                     
3810,2017-10-26,20,24,PM25HR,Micrograms/Cubic Meter ( ug/m<sup>3</sup> ),,,San Jose-Knox Avenue                     
3810,2017-10-26,21,23,PM25HR,Micrograms/Cubic Meter ( ug/m<sup>3</sup> ),,,San Jose-Knox Avenue                     
3810,2017-10-26,22,22,PM25HR,Micrograms/Cubic Meter ( ug/m<sup>3</sup> ),,,San Jose-Knox Avenue                     
3810,2017-10-26,23,22,PM25HR,Micrograms/Cubic Meter ( ug/m<sup>3</sup> ),,,San Jose-Knox Avenue                     
3810,2017-10-27,0,25,PM25HR,Micrograms/Cubic Meter ( ug/m<sup>3</sup> ),,,San Jose-Knox Avenue                     
3810,2017-10-27,1,15,PM25HR,Micrograms/Cubic Meter ( ug/m<sup>3</sup> ),,,San Jose-Knox Avenue                     
3810,2017-10-27,2,13,PM25HR,Micrograms/Cubic Meter ( ug/m<sup>3</sup> ),,,San Jose-Knox Avenue                     
3810,2017-10-27,3,21,PM25HR,Micrograms/Cubic Meter ( ug/m<sup>3</sup> ),,,San Jose-Knox Avenue                     
3810,2017-10-27,4,23,PM25HR,Micrograms/Cubic Meter ( ug/m<sup>3</sup> ),,,San Jose-Knox Avenue                     
3810,2017-10-27,5,16,PM25HR,Micrograms/Cubic Meter ( ug/m<sup>3</sup> ),,,San Jose-Knox Avenue                     
3810,2017-10-27,6,22,PM25HR,Micrograms/Cubic Meter ( ug/m<sup>3</sup> ),,,San Jose-Knox Avenue                     
3810,2017-10-27,7,23,PM25HR,Micrograms/Cubic Meter ( ug/m<sup>3</sup> ),,,San Jose-Knox Avenue                     
3810,2017-10-27,8,25,PM25HR,Micrograms/Cubic Meter ( ug/m<sup>3</sup> ),,,San Jose-Knox Avenue                     
3810,2017-10-27,9,22,PM25HR,Micrograms/Cubic Meter ( ug/m<sup>3</sup> ),,,San Jose-Knox Avenue                     
3810,2017-10-27,10,26,PM25HR,Micrograms/Cubic Meter ( ug/m<sup>3</sup> ),,,San Jose-Knox Avenue                     
3810,2017-10-27,11,22,PM25HR,Micrograms/Cubic Meter ( ug/m<sup>3</sup> ),,,San Jose-Knox Avenue                     
3810,2017-10-27,12,21,PM25HR,Micrograms/Cubic Meter ( ug/m<sup>3</sup> ),,,San Jose-Knox Avenue                     
3810,2017-10-27,13,14,PM25HR,Micrograms/Cubic Meter ( ug/m<sup>3</sup> ),,,San Jose-Knox Avenue                     
3810,2017-10-27,14,15,PM25HR,Micrograms/Cubic Meter ( ug/m<sup>3</sup> ),,,San Jose-Knox Avenue                     
3810,2017-10-27,15,17,PM25HR,Micrograms/Cubic Meter ( ug/m<sup>3</sup> ),,,San Jose-Knox Avenue                     
3810,2017-10-27,16,10,PM25HR,Micrograms/Cubic Meter ( ug/m<sup>3</sup> ),,,San Jose-Knox Avenue                     
3810,2017-10-27,17,11,PM25HR,Micrograms/Cubic Meter ( ug/m<sup>3</sup> ),,,San Jose-Knox Avenue                     
3810,2017-10-27,18,21,PM25HR,Micrograms/Cubic Meter ( ug/m<sup>3</sup> ),,,San Jose-Knox Avenue                     
3810,2017-10-27,19,25,PM25HR,Micrograms/Cubic Meter ( ug/m<sup>3</sup> ),,,San Jose-Knox Avenue                     
3810,2017-10-27,20,25,PM25HR,Micrograms/Cubic Meter ( ug/m<sup>3</sup> ),,,San Jose-Knox Avenue                     
3810,2017-10-27,21,17,PM25HR,Micrograms/Cubic Meter ( ug/m<sup>3</sup> ),,,San Jose-Knox Avenue                     
3810,2017-10-27,22,22,PM25HR,Micrograms/Cubic Meter ( ug/m<sup>3</sup> ),,,San Jose-Knox Avenue                     
3810,2017-10-27,23,23,PM25HR,Micrograms/Cubic Meter ( ug/m<sup>3</sup> ),,,San Jose-Knox Avenue                     
3810,2017-10-28,0,30,PM25HR,Micrograms/Cubic Meter ( ug/m<sup>3</sup> ),,,San Jose-Knox Avenue                     
3810,2017-10-28,1,25,PM25HR,Micrograms/Cubic Meter ( ug/m<sup>3</sup> ),,,San Jose-Knox Avenue                     
3810,2017-10-28,2,23,PM25HR,Micrograms/Cubic Meter ( ug/m<sup>3</sup> ),,,San Jose-Knox Avenue                     
3810,2017-10-28,3,24,PM25HR,Micrograms/Cubic Meter ( ug/m<sup>3</sup> ),,,San Jose-Knox Avenue                     
3810,2017-10-28,4,21,PM25HR,Micrograms/Cubic Meter ( ug/m<sup>3</sup> ),,,San Jose-Knox Avenue                     
3810,2017-10-28,5,24,PM25HR,Micrograms/Cubic Meter ( ug/m<sup>3</sup> ),,,San Jose-Knox Avenue                     
3810,2017-10-28,6,26,PM25HR,Micrograms/Cubic Meter ( ug/m<sup>3</sup> ),,,San Jose-Knox Avenue                     
3810,2017-10-28,7,22,PM25HR,Micrograms/Cubic Meter ( ug/m<sup>3</sup> ),,,San Jose-Knox Avenue                     
3810,2017-10-28,8,15,PM25HR,Micrograms/Cubic Meter ( ug/m<sup>3</sup> ),,,San Jose-Knox Avenue                     
3810,2017-10-28,9,15,PM25HR,Micrograms/Cubic Meter ( ug/m<sup>3</sup> ),,,San Jose-Knox Avenue                     
3810,2017-10-28,10,20,PM25HR,Micrograms/Cubic Meter ( ug/m<sup>3</sup> ),,,San Jose-Knox Avenue                     
3810,2017-10-28,11,17,PM25HR,Micrograms/Cubic Meter ( ug/m<sup>3</sup> ),,,San Jose-Knox Avenue                     
3810,2017-10-28,12,19,PM25HR,Micrograms/Cubic Meter ( ug/m<sup>3</sup> ),,,San Jose-Knox Avenue                     
3810,2017-10-28,13,17,PM25HR,Micrograms/Cubic Meter ( ug/m<sup>3</sup> ),,,San Jose-Knox Avenue                     
3810,2017-10-28,14,15,PM25HR,Micrograms/Cubic Meter ( ug/m<sup>3</sup> ),,,San Jose-Knox Avenue                     
3810,2017-10-28,15,10,PM25HR,Micrograms/Cubic Meter ( ug/m<sup>3</sup> ),,,San Jose-Knox Avenue                     
3810,2017-10-28,16,14,PM25HR,Micrograms/Cubic Meter ( ug/m<sup>3</sup> ),,,San Jose-Knox Avenue                     
3810,2017-10-28,17,14,PM25HR,Micrograms/Cubic Meter ( ug/m<sup>3</sup> ),,,San Jose-Knox Avenue                     
3810,2017-10-28,18,7,PM25HR,Micrograms/Cubic Meter ( ug/m<sup>3</sup> ),,,San Jose-Knox Avenue                     
3810,2017-10-28,19,6,PM25HR,Micrograms/Cubic Meter ( ug/m<sup>3</sup> ),,,San Jose-Knox Avenue                     
3810,2017-10-28,20,8,PM25HR,Micrograms/Cubic Meter ( ug/m<sup>3</sup> ),,,San Jose-Knox Avenue                     
3810,2017-10-28,21,10,PM25HR,Micrograms/Cubic Meter ( ug/m<sup>3</sup> ),,,San Jose-Knox Avenue                     
3810,2017-10-28,22,16,PM25HR,Micrograms/Cubic Meter ( ug/m<sup>3</sup> ),,,San Jose-Knox Avenue                     
3810,2017-10-28,23,13,PM25HR,Micrograms/Cubic Meter ( ug/m<sup>3</sup> ),,,San Jose-Knox Avenue                     
3810,2017-10-29,0,15,PM25HR,Micrograms/Cubic Meter ( ug/m<sup>3</sup> ),,,San Jose-Knox Avenue                     
3810,2017-10-29,1,14,PM25HR,Micrograms/Cubic Meter ( ug/m<sup>3</sup> ),,,San Jose-Knox Avenue                     
3810,2017-10-29,2,19,PM25HR,Micrograms/Cubic Meter ( ug/m<sup>3</sup> ),,,San Jose-Knox Avenue                     
3810,2017-10-29,3,20,PM25HR,Micrograms/Cubic Meter ( ug/m<sup>3</sup> ),,,San Jose-Knox Avenue                     
3810,2017-10-29,4,22,PM25HR,Micrograms/Cubic Meter ( ug/m<sup>3</sup> ),,,San Jose-Knox Avenue                     
3810,2017-10-29,5,19,PM25HR,Micrograms/Cubic Meter ( ug/m<sup>3</sup> ),,,San Jose-Knox Avenue                     
3810,2017-10-29,6,20,PM25HR,Micrograms/Cubic Meter ( ug/m<sup>3</sup> ),,,San Jose-Knox Avenue                     
3810,2017-10-29,7,22,PM25HR,Micrograms/Cubic Meter ( ug/m<sup>3</sup> ),,,San Jose-Knox Avenue                     
3810,2017-10-29,8,25,PM25HR,Micrograms/Cubic Meter ( ug/m<sup>3</sup> ),,,San Jose-Knox Avenue                     
3810,2017-10-29,9,27,PM25HR,Micrograms/Cubic Meter ( ug/m<sup>3</sup> ),,,San Jose-Knox Avenue                     
3810,2017-10-29,10,25,PM25HR,Micrograms/Cubic Meter ( ug/m<sup>3</sup> ),,,San Jose-Knox Avenue                     
3810,2017-10-29,11,29,PM25HR,Micrograms/Cubic Meter ( ug/m<sup>3</sup> ),,,San Jose-Knox Avenue                     
3810,2017-10-29,12,30,PM25HR,Micrograms/Cubic Meter ( ug/m<sup>3</sup> ),,,San Jose-Knox Avenue                     
3810,2017-10-29,13,34,PM25HR,Micrograms/Cubic Meter ( ug/m<sup>3</sup> ),,,San Jose-Knox Avenue                     
3810,2017-10-29,14,27,PM25HR,Micrograms/Cubic Meter ( ug/m<sup>3</sup> ),,,San Jose-Knox Avenue                     
3810,2017-10-29,15,24,PM25HR,Micrograms/Cubic Meter ( ug/m<sup>3</sup> ),,,San Jose-Knox Avenue                     
3810,2017-10-29,16,29,PM25HR,Micrograms/Cubic Meter ( ug/m<sup>3</sup> ),,,San Jose-Knox Avenue                     
3810,2017-10-29,17,23,PM25HR,Micrograms/Cubic Meter ( ug/m<sup>3</sup> ),,,San Jose-Knox Avenue                     
3810,2017-10-29,18,24,PM25HR,Micrograms/Cubic Meter ( ug/m<sup>3</sup> ),,,San Jose-Knox Avenue                     
3810,2017-10-29,19,10,PM25HR,Micrograms/Cubic Meter ( ug/m<sup>3</sup> ),,,San Jose-Knox Avenue                     
3810,2017-10-29,20,12,PM25HR,Micrograms/Cubic Meter ( ug/m<sup>3</sup> ),,,San Jose-Knox Avenue                     
3810,2017-10-29,21,11,PM25HR,Micrograms/Cubic Meter ( ug/m<sup>3</sup> ),,,San Jose-Knox Avenue                     
3810,2017-10-29,22,13,PM25HR,Micrograms/Cubic Meter ( ug/m<sup>3</sup> ),,,San Jose-Knox Avenue                     
3810,2017-10-29,23,13,PM25HR,Micrograms/Cubic Meter ( ug/m<sup>3</sup> ),,,San Jose-Knox Avenue                     
3810,2017-10-30,0,10,PM25HR,Micrograms/Cubic Meter ( ug/m<sup>3</sup> ),,,San Jose-Knox Avenue                     
3810,2017-10-30,1,11,PM25HR,Micrograms/Cubic Meter ( ug/m<sup>3</sup> ),,,San Jose-Knox Avenue                     
3810,2017-10-30,2,19,PM25HR,Micrograms/Cubic Meter ( ug/m<sup>3</sup> ),,,San Jose-Knox Avenue                     
3810,2017-10-30,3,8,PM25HR,Micrograms/Cubic Meter ( ug/m<sup>3</sup> ),,,San Jose-Knox Avenue                     
3810,2017-10-30,4,7,PM25HR,Micrograms/Cubic Meter ( ug/m<sup>3</sup> ),,,San Jose-Knox Avenue                     
3810,2017-10-30,5,7,PM25HR,Micrograms/Cubic Meter ( ug/m<sup>3</sup> ),,,San Jose-Knox Avenue                     
3810,2017-10-30,6,7,PM25HR,Micrograms/Cubic Meter ( ug/m<sup>3</sup> ),,,San Jose-Knox Avenue                     
3810,2017-10-30,7,5,PM25HR,Micrograms/Cubic Meter ( ug/m<sup>3</sup> ),,,San Jose-Knox Avenue                     
3810,2017-10-30,8,4,PM25HR,Micrograms/Cubic Meter ( ug/m<sup>3</sup> ),,,San Jose-Knox Avenue                     
3810,2017-10-30,11,3,PM25HR,Micrograms/Cubic Meter ( ug/m<sup>3</sup> ),,,San Jose-Knox Avenue                     
3810,2017-10-30,12,7,PM25HR,Micrograms/Cubic Meter ( ug/m<sup>3</sup> ),,,San Jose-Knox Avenue                     
3810,2017-10-30,13,7,PM25HR,Micrograms/Cubic Meter ( ug/m<sup>3</sup> ),,,San Jose-Knox Avenue                     
3810,2017-10-30,14,6,PM25HR,Micrograms/Cubic Meter ( ug/m<sup>3</sup> ),,,San Jose-Knox Avenue                     
3810,2017-10-30,15,6,PM25HR,Micrograms/Cubic Meter ( ug/m<sup>3</sup> ),,,San Jose-Knox Avenue                     
3810,2017-10-30,16,4,PM25HR,Micrograms/Cubic Meter ( ug/m<sup>3</sup> ),,,San Jose-Knox Avenue                     
3810,2017-10-30,17,3,PM25HR,Micrograms/Cubic Meter ( ug/m<sup>3</sup> ),,,San Jose-Knox Avenue                     
3810,2017-10-30,18,5,PM25HR,Micrograms/Cubic Meter ( ug/m<sup>3</sup> ),,,San Jose-Knox Avenue                     
3810,2017-10-30,19,4,PM25HR,Micrograms/Cubic Meter ( ug/m<sup>3</sup> ),,,San Jose-Knox Avenue                     
3810,2017-10-30,20,5,PM25HR,Micrograms/Cubic Meter ( ug/m<sup>3</sup> ),,,San Jose-Knox Avenue                     
3810,2017-10-30,21,4,PM25HR,Micrograms/Cubic Meter ( ug/m<sup>3</sup> ),,,San Jose-Knox Avenue                     
3810,2017-10-30,22,6,PM25HR,Micrograms/Cubic Meter ( ug/m<sup>3</sup> ),,,San Jose-Knox Avenue                     
3810,2017-10-30,23,5,PM25HR,Micrograms/Cubic Meter ( ug/m<sup>3</sup> ),,,San Jose-Knox Avenue                     
3810,2017-10-31,0,6,PM25HR,Micrograms/Cubic Meter ( ug/m<sup>3</sup> ),,,San Jose-Knox Avenue                     
3810,2017-10-31,1,6,PM25HR,Micrograms/Cubic Meter ( ug/m<sup>3</sup> ),,,San Jose-Knox Avenue                     
3810,2017-10-31,2,5,PM25HR,Micrograms/Cubic Meter ( ug/m<sup>3</sup> ),,,San Jose-Knox Avenue                     
3810,2017-10-31,3,4,PM25HR,Micrograms/Cubic Meter ( ug/m<sup>3</sup> ),,,San Jose-Knox Avenue                     
3810,2017-10-31,4,4,PM25HR,Micrograms/Cubic Meter ( ug/m<sup>3</sup> ),,,San Jose-Knox Avenue                     
3810,2017-10-31,5,6,PM25HR,Micrograms/Cubic Meter ( ug/m<sup>3</sup> ),,,San Jose-Knox Avenue                     
3810,2017-10-31,6,7,PM25HR,Micrograms/Cubic Meter ( ug/m<sup>3</sup> ),,,San Jose-Knox Avenue                     
3810,2017-10-31,7,6,PM25HR,Micrograms/Cubic Meter ( ug/m<sup>3</sup> ),,,San Jose-Knox Avenue                     
3810,2017-10-31,8,6,PM25HR,Micrograms/Cubic Meter ( ug/m<sup>3</sup> ),,,San Jose-Knox Avenue                     
3810,2017-10-31,9,4,PM25HR,Micrograms/Cubic Meter ( ug/m<sup>3</sup> ),,,San Jose-Knox Avenue                     
3810,2017-10-31,10,4,PM25HR,Micrograms/Cubic Meter ( ug/m<sup>3</sup> ),,,San Jose-Knox Avenue                     
3810,2017-10-31,11,4,PM25HR,Micrograms/Cubic Meter ( ug/m<sup>3</sup> ),,,San Jose-Knox Avenue                     
3810,2017-10-31,12,4,PM25HR,Micrograms/Cubic Meter ( ug/m<sup>3</sup> ),,,San Jose-Knox Avenue                     
3810,2017-10-31,13,3,PM25HR,Micrograms/Cubic Meter ( ug/m<sup>3</sup> ),,,San Jose-Knox Avenue                     
3810,2017-10-31,14,4,PM25HR,Micrograms/Cubic Meter ( ug/m<sup>3</sup> ),,,San Jose-Knox Avenue                     
3810,2017-10-31,15,5,PM25HR,Micrograms/Cubic Meter ( ug/m<sup>3</sup> ),,,San Jose-Knox Avenue                     
3810,2017-10-31,16,8,PM25HR,Micrograms/Cubic Meter ( ug/m<sup>3</sup> ),,,San Jose-Knox Avenue                     
3810,2017-10-31,17,9,PM25HR,Micrograms/Cubic Meter ( ug/m<sup>3</sup> ),,,San Jose-Knox Avenue                     
3810,2017-10-31,18,6,PM25HR,Micrograms/Cubic Meter ( ug/m<sup>3</sup> ),,,San Jose-Knox Avenue                     
3810,2017-10-31,19,11,PM25HR,Micrograms/Cubic Meter ( ug/m<sup>3</sup> ),,,San Jose-Knox Avenue                     
3810,2017-10-31,20,13,PM25HR,Micrograms/Cubic Meter ( ug/m<sup>3</sup> ),,,San Jose-Knox Avenue                     
3810,2017-10-31,21,12,PM25HR,Micrograms/Cubic Meter ( ug/m<sup>3</sup> ),,,San Jose-Knox Avenue                     
3810,2017-10-31,22,13,PM25HR,Micrograms/Cubic Meter ( ug/m<sup>3</sup> ),,,San Jose-Knox Avenue                     
3810,2017-10-31,23,9,PM25HR,Micrograms/Cubic Meter ( ug/m<sup>3</sup> ),,,San Jose-Knox Avenue                    
 ,,,,,,,,
 Quality Flag Definition ,,,,,,,,
0, Valid observation ,,,,,,,
1, The data supplier marked the observation as suspect - but it is still valid ,,,,,,,
2, The automated qa routine judged the observation questionable and invalid ,,,,,,,
3, The automated qa routine judged the observation invalid  ,,,,,,,
4, The data supplier flagged the observation invalid  ,,,,,,,
5, The observation was flagged invalid manually  ,,,,,,,
,,,,,,,,
Data extracted from mrgd database: ,,,,,,,,
July 22, 2019 at 19:40:19,,,,,,,
  ,,,,,,,,
