site,date,start_hour,value,variable,units,quality,prelim,met_source,obs_type,minutes,name 
3661,2017-10-01,0,61.34,TEMP,Degrees Fahrenheit ( <sup>o</sup>F ),0,,,A60,0,San Jose-Jackson Street 
3661,2017-10-01,1,60.62,TEMP,Degrees Fahrenheit ( <sup>o</sup>F ),0,,,A60,0,San Jose-Jackson Street 
3661,2017-10-01,2,59.18,TEMP,Degrees Fahrenheit ( <sup>o</sup>F ),0,,,A60,0,San Jose-Jackson Street 
3661,2017-10-01,3,58.46,TEMP,Degrees Fahrenheit ( <sup>o</sup>F ),0,,,A60,0,San Jose-Jackson Street 
3661,2017-10-01,4,56.84,TEMP,Degrees Fahrenheit ( <sup>o</sup>F ),0,,,A60,0,San Jose-Jackson Street 
3661,2017-10-01,5,57.02,TEMP,Degrees Fahrenheit ( <sup>o</sup>F ),0,,,A60,0,San Jose-Jackson Street 
3661,2017-10-01,6,56.84,TEMP,Degrees Fahrenheit ( <sup>o</sup>F ),0,,,A60,0,San Jose-Jackson Street 
3661,2017-10-01,7,59.90,TEMP,Degrees Fahrenheit ( <sup>o</sup>F ),0,,,A60,0,San Jose-Jackson Street 
3661,2017-10-01,8,64.40,TEMP,Degrees Fahrenheit ( <sup>o</sup>F ),0,,,A60,0,San Jose-Jackson Street 
3661,2017-10-01,9,69.08,TEMP,Degrees Fahrenheit ( <sup>o</sup>F ),0,,,A60,0,San Jose-Jackson Street 
3661,2017-10-01,10,72.32,TEMP,Degrees Fahrenheit ( <sup>o</sup>F ),0,,,A60,0,San Jose-Jackson Street 
3661,2017-10-01,11,75.92,TEMP,Degrees Fahrenheit ( <sup>o</sup>F ),0,,,A60,0,San Jose-Jackson Street 
3661,2017-10-01,12,77.90,TEMP,Degrees Fahrenheit ( <sup>o</sup>F ),0,,,A60,0,San Jose-Jackson Street 
3661,2017-10-01,13,78.80,TEMP,Degrees Fahrenheit ( <sup>o</sup>F ),0,,,A60,0,San Jose-Jackson Street 
3661,2017-10-01,14,79.16,TEMP,Degrees Fahrenheit ( <sup>o</sup>F ),0,,,A60,0,San Jose-Jackson Street 
3661,2017-10-01,15,77.54,TEMP,Degrees Fahrenheit ( <sup>o</sup>F ),0,,,A60,0,San Jose-Jackson Street 
3661,2017-10-01,16,72.86,TEMP,Degrees Fahrenheit ( <sup>o</sup>F ),0,,,A60,0,San Jose-Jackson Street 
3661,2017-10-01,17,67.82,TEMP,Degrees Fahrenheit ( <sup>o</sup>F ),0,,,A60,0,San Jose-Jackson Street 
3661,2017-10-01,18,64.58,TEMP,Degrees Fahrenheit ( <sup>o</sup>F ),0,,,A60,0,San Jose-Jackson Street 
3661,2017-10-01,19,62.96,TEMP,Degrees Fahrenheit ( <sup>o</sup>F ),0,,,A60,0,San Jose-Jackson Street 
3661,2017-10-01,20,60.98,TEMP,Degrees Fahrenheit ( <sup>o</sup>F ),0,,,A60,0,San Jose-Jackson Street 
3661,2017-10-01,21,60.62,TEMP,Degrees Fahrenheit ( <sup>o</sup>F ),0,,,A60,0,San Jose-Jackson Street 
3661,2017-10-01,22,59.90,TEMP,Degrees Fahrenheit ( <sup>o</sup>F ),0,,,A60,0,San Jose-Jackson Street 
3661,2017-10-01,23,57.92,TEMP,Degrees Fahrenheit ( <sup>o</sup>F ),0,,,A60,0,San Jose-Jackson Street 
3661,2017-10-02,0,56.84,TEMP,Degrees Fahrenheit ( <sup>o</sup>F ),0,,,A60,0,San Jose-Jackson Street 
3661,2017-10-02,1,55.40,TEMP,Degrees Fahrenheit ( <sup>o</sup>F ),0,,,A60,0,San Jose-Jackson Street 
3661,2017-10-02,2,56.30,TEMP,Degrees Fahrenheit ( <sup>o</sup>F ),0,,,A60,0,San Jose-Jackson Street 
3661,2017-10-02,3,54.86,TEMP,Degrees Fahrenheit ( <sup>o</sup>F ),0,,,A60,0,San Jose-Jackson Street 
3661,2017-10-02,4,57.92,TEMP,Degrees Fahrenheit ( <sup>o</sup>F ),0,,,A60,0,San Jose-Jackson Street 
3661,2017-10-02,5,57.38,TEMP,Degrees Fahrenheit ( <sup>o</sup>F ),0,,,A60,0,San Jose-Jackson Street 
3661,2017-10-02,6,58.10,TEMP,Degrees Fahrenheit ( <sup>o</sup>F ),0,,,A60,0,San Jose-Jackson Street 
3661,2017-10-02,7,64.76,TEMP,Degrees Fahrenheit ( <sup>o</sup>F ),0,,,A60,0,San Jose-Jackson Street 
3661,2017-10-02,8,68.36,TEMP,Degrees Fahrenheit ( <sup>o</sup>F ),0,,,A60,0,San Jose-Jackson Street 
3661,2017-10-02,10,73.76,TEMP,Degrees Fahrenheit ( <sup>o</sup>F ),0,,,A60,0,San Jose-Jackson Street 
3661,2017-10-02,11,75.38,TEMP,Degrees Fahrenheit ( <sup>o</sup>F ),0,,,A60,0,San Jose-Jackson Street 
3661,2017-10-02,12,77.00,TEMP,Degrees Fahrenheit ( <sup>o</sup>F ),0,,,A60,0,San Jose-Jackson Street 
3661,2017-10-02,13,77.72,TEMP,Degrees Fahrenheit ( <sup>o</sup>F ),0,,,A60,0,San Jose-Jackson Street 
3661,2017-10-02,14,78.62,TEMP,Degrees Fahrenheit ( <sup>o</sup>F ),0,,,A60,0,San Jose-Jackson Street 
3661,2017-10-02,15,76.82,TEMP,Degrees Fahrenheit ( <sup>o</sup>F ),0,,,A60,0,San Jose-Jackson Street 
3661,2017-10-02,16,71.96,TEMP,Degrees Fahrenheit ( <sup>o</sup>F ),0,,,A60,0,San Jose-Jackson Street 
3661,2017-10-02,17,67.64,TEMP,Degrees Fahrenheit ( <sup>o</sup>F ),0,,,A60,0,San Jose-Jackson Street 
3661,2017-10-02,18,63.68,TEMP,Degrees Fahrenheit ( <sup>o</sup>F ),0,,,A60,0,San Jose-Jackson Street 
3661,2017-10-02,19,60.08,TEMP,Degrees Fahrenheit ( <sup>o</sup>F ),0,,,A60,0,San Jose-Jackson Street 
3661,2017-10-02,20,58.46,TEMP,Degrees Fahrenheit ( <sup>o</sup>F ),0,,,A60,0,San Jose-Jackson Street 
3661,2017-10-02,21,56.66,TEMP,Degrees Fahrenheit ( <sup>o</sup>F ),0,,,A60,0,San Jose-Jackson Street 
3661,2017-10-02,22,56.84,TEMP,Degrees Fahrenheit ( <sup>o</sup>F ),0,,,A60,0,San Jose-Jackson Street 
3661,2017-10-02,23,56.30,TEMP,Degrees Fahrenheit ( <sup>o</sup>F ),0,,,A60,0,San Jose-Jackson Street 
3661,2017-10-03,0,53.06,TEMP,Degrees Fahrenheit ( <sup>o</sup>F ),0,,,A60,0,San Jose-Jackson Street 
3661,2017-10-03,1,52.34,TEMP,Degrees Fahrenheit ( <sup>o</sup>F ),0,,,A60,0,San Jose-Jackson Street 
3661,2017-10-03,2,51.08,TEMP,Degrees Fahrenheit ( <sup>o</sup>F ),0,,,A60,0,San Jose-Jackson Street 
3661,2017-10-03,3,51.62,TEMP,Degrees Fahrenheit ( <sup>o</sup>F ),0,,,A60,0,San Jose-Jackson Street 
3661,2017-10-03,4,51.26,TEMP,Degrees Fahrenheit ( <sup>o</sup>F ),0,,,A60,0,San Jose-Jackson Street 
3661,2017-10-03,5,50.54,TEMP,Degrees Fahrenheit ( <sup>o</sup>F ),0,,,A60,0,San Jose-Jackson Street 
3661,2017-10-03,6,51.08,TEMP,Degrees Fahrenheit ( <sup>o</sup>F ),0,,,A60,0,San Jose-Jackson Street 
3661,2017-10-03,7,54.32,TEMP,Degrees Fahrenheit ( <sup>o</sup>F ),0,,,A60,0,San Jose-Jackson Street 
3661,2017-10-03,8,57.92,TEMP,Degrees Fahrenheit ( <sup>o</sup>F ),0,,,A60,0,San Jose-Jackson Street 
3661,2017-10-03,9,60.26,TEMP,Degrees Fahrenheit ( <sup>o</sup>F ),0,,,A60,0,San Jose-Jackson Street 
3661,2017-10-03,10,63.86,TEMP,Degrees Fahrenheit ( <sup>o</sup>F ),0,,,A60,0,San Jose-Jackson Street 
3661,2017-10-03,11,68.18,TEMP,Degrees Fahrenheit ( <sup>o</sup>F ),0,,,A60,0,San Jose-Jackson Street 
3661,2017-10-03,12,72.50,TEMP,Degrees Fahrenheit ( <sup>o</sup>F ),0,,,A60,0,San Jose-Jackson Street 
3661,2017-10-03,13,72.86,TEMP,Degrees Fahrenheit ( <sup>o</sup>F ),0,,,A60,0,San Jose-Jackson Street 
3661,2017-10-03,14,72.68,TEMP,Degrees Fahrenheit ( <sup>o</sup>F ),0,,,A60,0,San Jose-Jackson Street 
3661,2017-10-03,15,73.40,TEMP,Degrees Fahrenheit ( <sup>o</sup>F ),0,,,A60,0,San Jose-Jackson Street 
3661,2017-10-03,16,72.50,TEMP,Degrees Fahrenheit ( <sup>o</sup>F ),0,,,A60,0,San Jose-Jackson Street 
3661,2017-10-03,17,70.16,TEMP,Degrees Fahrenheit ( <sup>o</sup>F ),0,,,A60,0,San Jose-Jackson Street 
3661,2017-10-03,18,67.82,TEMP,Degrees Fahrenheit ( <sup>o</sup>F ),0,,,A60,0,San Jose-Jackson Street 
3661,2017-10-03,19,65.48,TEMP,Degrees Fahrenheit ( <sup>o</sup>F ),0,,,A60,0,San Jose-Jackson Street 
3661,2017-10-03,20,63.86,TEMP,Degrees Fahrenheit ( <sup>o</sup>F ),0,,,A60,0,San Jose-Jackson Street 
3661,2017-10-03,21,61.52,TEMP,Degrees Fahrenheit ( <sup>o</sup>F ),0,,,A60,0,San Jose-Jackson Street 
3661,2017-10-03,22,59.36,TEMP,Degrees Fahrenheit ( <sup>o</sup>F ),0,,,A60,0,San Jose-Jackson Street 
3661,2017-10-03,23,56.84,TEMP,Degrees Fahrenheit ( <sup>o</sup>F ),0,,,A60,0,San Jose-Jackson Street 
3661,2017-10-04,0,56.12,TEMP,Degrees Fahrenheit ( <sup>o</sup>F ),0,,,A60,0,San Jose-Jackson Street 
3661,2017-10-04,1,53.96,TEMP,Degrees Fahrenheit ( <sup>o</sup>F ),0,,,A60,0,San Jose-Jackson Street 
3661,2017-10-04,2,53.42,TEMP,Degrees Fahrenheit ( <sup>o</sup>F ),0,,,A60,0,San Jose-Jackson Street 
3661,2017-10-04,3,52.88,TEMP,Degrees Fahrenheit ( <sup>o</sup>F ),0,,,A60,0,San Jose-Jackson Street 
3661,2017-10-04,4,51.80,TEMP,Degrees Fahrenheit ( <sup>o</sup>F ),0,,,A60,0,San Jose-Jackson Street 
3661,2017-10-04,5,51.98,TEMP,Degrees Fahrenheit ( <sup>o</sup>F ),0,,,A60,0,San Jose-Jackson Street 
3661,2017-10-04,6,51.98,TEMP,Degrees Fahrenheit ( <sup>o</sup>F ),0,,,A60,0,San Jose-Jackson Street 
3661,2017-10-04,7,55.76,TEMP,Degrees Fahrenheit ( <sup>o</sup>F ),0,,,A60,0,San Jose-Jackson Street 
3661,2017-10-04,8,61.34,TEMP,Degrees Fahrenheit ( <sup>o</sup>F ),0,,,A60,0,San Jose-Jackson Street 
3661,2017-10-04,9,66.74,TEMP,Degrees Fahrenheit ( <sup>o</sup>F ),0,,,A60,0,San Jose-Jackson Street 
3661,2017-10-04,10,71.78,TEMP,Degrees Fahrenheit ( <sup>o</sup>F ),0,,,A60,0,San Jose-Jackson Street 
3661,2017-10-04,11,75.56,TEMP,Degrees Fahrenheit ( <sup>o</sup>F ),0,,,A60,0,San Jose-Jackson Street 
3661,2017-10-04,12,77.18,TEMP,Degrees Fahrenheit ( <sup>o</sup>F ),0,,,A60,0,San Jose-Jackson Street 
3661,2017-10-04,13,79.16,TEMP,Degrees Fahrenheit ( <sup>o</sup>F ),0,,,A60,0,San Jose-Jackson Street 
3661,2017-10-04,14,78.98,TEMP,Degrees Fahrenheit ( <sup>o</sup>F ),0,,,A60,0,San Jose-Jackson Street 
3661,2017-10-04,15,77.90,TEMP,Degrees Fahrenheit ( <sup>o</sup>F ),0,,,A60,0,San Jose-Jackson Street 
3661,2017-10-04,16,76.10,TEMP,Degrees Fahrenheit ( <sup>o</sup>F ),0,,,A60,0,San Jose-Jackson Street 
3661,2017-10-04,17,71.96,TEMP,Degrees Fahrenheit ( <sup>o</sup>F ),0,,,A60,0,San Jose-Jackson Street 
3661,2017-10-04,18,68.36,TEMP,Degrees Fahrenheit ( <sup>o</sup>F ),0,,,A60,0,San Jose-Jackson Street 
3661,2017-10-04,19,65.12,TEMP,Degrees Fahrenheit ( <sup>o</sup>F ),0,,,A60,0,San Jose-Jackson Street 
3661,2017-10-04,20,62.06,TEMP,Degrees Fahrenheit ( <sup>o</sup>F ),0,,,A60,0,San Jose-Jackson Street 
3661,2017-10-04,21,61.52,TEMP,Degrees Fahrenheit ( <sup>o</sup>F ),0,,,A60,0,San Jose-Jackson Street 
3661,2017-10-04,22,60.26,TEMP,Degrees Fahrenheit ( <sup>o</sup>F ),0,,,A60,0,San Jose-Jackson Street 
3661,2017-10-04,23,59.18,TEMP,Degrees Fahrenheit ( <sup>o</sup>F ),0,,,A60,0,San Jose-Jackson Street 
3661,2017-10-05,0,56.12,TEMP,Degrees Fahrenheit ( <sup>o</sup>F ),0,,,A60,0,San Jose-Jackson Street 
3661,2017-10-05,1,55.22,TEMP,Degrees Fahrenheit ( <sup>o</sup>F ),0,,,A60,0,San Jose-Jackson Street 
3661,2017-10-05,2,53.60,TEMP,Degrees Fahrenheit ( <sup>o</sup>F ),0,,,A60,0,San Jose-Jackson Street 
3661,2017-10-05,3,52.34,TEMP,Degrees Fahrenheit ( <sup>o</sup>F ),0,,,A60,0,San Jose-Jackson Street 
3661,2017-10-05,4,51.44,TEMP,Degrees Fahrenheit ( <sup>o</sup>F ),0,,,A60,0,San Jose-Jackson Street 
3661,2017-10-05,5,51.98,TEMP,Degrees Fahrenheit ( <sup>o</sup>F ),0,,,A60,0,San Jose-Jackson Street 
3661,2017-10-05,6,51.98,TEMP,Degrees Fahrenheit ( <sup>o</sup>F ),0,,,A60,0,San Jose-Jackson Street 
3661,2017-10-05,7,58.10,TEMP,Degrees Fahrenheit ( <sup>o</sup>F ),0,,,A60,0,San Jose-Jackson Street 
3661,2017-10-05,8,63.32,TEMP,Degrees Fahrenheit ( <sup>o</sup>F ),0,,,A60,0,San Jose-Jackson Street 
3661,2017-10-05,9,69.08,TEMP,Degrees Fahrenheit ( <sup>o</sup>F ),0,,,A60,0,San Jose-Jackson Street 
3661,2017-10-05,10,73.40,TEMP,Degrees Fahrenheit ( <sup>o</sup>F ),0,,,A60,0,San Jose-Jackson Street 
3661,2017-10-05,11,75.38,TEMP,Degrees Fahrenheit ( <sup>o</sup>F ),0,,,A60,0,San Jose-Jackson Street 
3661,2017-10-05,12,78.44,TEMP,Degrees Fahrenheit ( <sup>o</sup>F ),0,,,A60,0,San Jose-Jackson Street 
3661,2017-10-05,13,81.86,TEMP,Degrees Fahrenheit ( <sup>o</sup>F ),0,,,A60,0,San Jose-Jackson Street 
3661,2017-10-05,14,83.48,TEMP,Degrees Fahrenheit ( <sup>o</sup>F ),0,,,A60,0,San Jose-Jackson Street 
3661,2017-10-05,15,81.68,TEMP,Degrees Fahrenheit ( <sup>o</sup>F ),0,,,A60,0,San Jose-Jackson Street 
3661,2017-10-05,16,77.36,TEMP,Degrees Fahrenheit ( <sup>o</sup>F ),0,,,A60,0,San Jose-Jackson Street 
3661,2017-10-05,17,73.58,TEMP,Degrees Fahrenheit ( <sup>o</sup>F ),0,,,A60,0,San Jose-Jackson Street 
3661,2017-10-05,18,70.88,TEMP,Degrees Fahrenheit ( <sup>o</sup>F ),0,,,A60,0,San Jose-Jackson Street 
3661,2017-10-05,19,68.72,TEMP,Degrees Fahrenheit ( <sup>o</sup>F ),0,,,A60,0,San Jose-Jackson Street 
3661,2017-10-05,20,64.94,TEMP,Degrees Fahrenheit ( <sup>o</sup>F ),0,,,A60,0,San Jose-Jackson Street 
3661,2017-10-05,21,64.22,TEMP,Degrees Fahrenheit ( <sup>o</sup>F ),0,,,A60,0,San Jose-Jackson Street 
3661,2017-10-05,22,61.34,TEMP,Degrees Fahrenheit ( <sup>o</sup>F ),0,,,A60,0,San Jose-Jackson Street 
3661,2017-10-05,23,59.54,TEMP,Degrees Fahrenheit ( <sup>o</sup>F ),0,,,A60,0,San Jose-Jackson Street 
3661,2017-10-06,0,57.02,TEMP,Degrees Fahrenheit ( <sup>o</sup>F ),0,,,A60,0,San Jose-Jackson Street 
3661,2017-10-06,1,56.48,TEMP,Degrees Fahrenheit ( <sup>o</sup>F ),0,,,A60,0,San Jose-Jackson Street 
3661,2017-10-06,2,54.32,TEMP,Degrees Fahrenheit ( <sup>o</sup>F ),0,,,A60,0,San Jose-Jackson Street 
3661,2017-10-06,3,53.60,TEMP,Degrees Fahrenheit ( <sup>o</sup>F ),0,,,A60,0,San Jose-Jackson Street 
3661,2017-10-06,4,53.96,TEMP,Degrees Fahrenheit ( <sup>o</sup>F ),0,,,A60,0,San Jose-Jackson Street 
3661,2017-10-06,5,53.06,TEMP,Degrees Fahrenheit ( <sup>o</sup>F ),0,,,A60,0,San Jose-Jackson Street 
3661,2017-10-06,6,53.42,TEMP,Degrees Fahrenheit ( <sup>o</sup>F ),0,,,A60,0,San Jose-Jackson Street 
3661,2017-10-06,7,58.82,TEMP,Degrees Fahrenheit ( <sup>o</sup>F ),0,,,A60,0,San Jose-Jackson Street 
3661,2017-10-06,8,64.22,TEMP,Degrees Fahrenheit ( <sup>o</sup>F ),0,,,A60,0,San Jose-Jackson Street 
3661,2017-10-06,9,69.62,TEMP,Degrees Fahrenheit ( <sup>o</sup>F ),0,,,A60,0,San Jose-Jackson Street 
3661,2017-10-06,10,74.84,TEMP,Degrees Fahrenheit ( <sup>o</sup>F ),0,,,A60,0,San Jose-Jackson Street 
3661,2017-10-06,11,78.44,TEMP,Degrees Fahrenheit ( <sup>o</sup>F ),0,,,A60,0,San Jose-Jackson Street 
3661,2017-10-06,12,82.04,TEMP,Degrees Fahrenheit ( <sup>o</sup>F ),0,,,A60,0,San Jose-Jackson Street 
3661,2017-10-06,13,85.64,TEMP,Degrees Fahrenheit ( <sup>o</sup>F ),0,,,A60,0,San Jose-Jackson Street 
3661,2017-10-06,14,87.62,TEMP,Degrees Fahrenheit ( <sup>o</sup>F ),0,,,A60,0,San Jose-Jackson Street 
3661,2017-10-06,15,86.72,TEMP,Degrees Fahrenheit ( <sup>o</sup>F ),0,,,A60,0,San Jose-Jackson Street 
3661,2017-10-06,16,81.68,TEMP,Degrees Fahrenheit ( <sup>o</sup>F ),0,,,A60,0,San Jose-Jackson Street 
3661,2017-10-06,17,77.00,TEMP,Degrees Fahrenheit ( <sup>o</sup>F ),0,,,A60,0,San Jose-Jackson Street 
3661,2017-10-06,18,73.22,TEMP,Degrees Fahrenheit ( <sup>o</sup>F ),0,,,A60,0,San Jose-Jackson Street 
3661,2017-10-06,19,71.06,TEMP,Degrees Fahrenheit ( <sup>o</sup>F ),0,,,A60,0,San Jose-Jackson Street 
3661,2017-10-06,20,69.62,TEMP,Degrees Fahrenheit ( <sup>o</sup>F ),0,,,A60,0,San Jose-Jackson Street 
3661,2017-10-06,21,66.92,TEMP,Degrees Fahrenheit ( <sup>o</sup>F ),0,,,A60,0,San Jose-Jackson Street 
3661,2017-10-06,22,64.40,TEMP,Degrees Fahrenheit ( <sup>o</sup>F ),0,,,A60,0,San Jose-Jackson Street 
3661,2017-10-07,0,58.82,TEMP,Degrees Fahrenheit ( <sup>o</sup>F ),0,,,A60,0,San Jose-Jackson Street 
3661,2017-10-07,1,56.30,TEMP,Degrees Fahrenheit ( <sup>o</sup>F ),0,,,A60,0,San Jose-Jackson Street 
3661,2017-10-07,2,57.38,TEMP,Degrees Fahrenheit ( <sup>o</sup>F ),0,,,A60,0,San Jose-Jackson Street 
3661,2017-10-07,3,56.48,TEMP,Degrees Fahrenheit ( <sup>o</sup>F ),0,,,A60,0,San Jose-Jackson Street 
3661,2017-10-07,4,56.30,TEMP,Degrees Fahrenheit ( <sup>o</sup>F ),0,,,A60,0,San Jose-Jackson Street 
3661,2017-10-07,5,54.50,TEMP,Degrees Fahrenheit ( <sup>o</sup>F ),0,,,A60,0,San Jose-Jackson Street 
3661,2017-10-07,6,54.50,TEMP,Degrees Fahrenheit ( <sup>o</sup>F ),0,,,A60,0,San Jose-Jackson Street 
3661,2017-10-07,7,60.62,TEMP,Degrees Fahrenheit ( <sup>o</sup>F ),0,,,A60,0,San Jose-Jackson Street 
3661,2017-10-07,8,66.20,TEMP,Degrees Fahrenheit ( <sup>o</sup>F ),0,,,A60,0,San Jose-Jackson Street 
3661,2017-10-07,9,71.06,TEMP,Degrees Fahrenheit ( <sup>o</sup>F ),0,,,A60,0,San Jose-Jackson Street 
3661,2017-10-07,10,74.12,TEMP,Degrees Fahrenheit ( <sup>o</sup>F ),0,,,A60,0,San Jose-Jackson Street 
3661,2017-10-07,11,77.18,TEMP,Degrees Fahrenheit ( <sup>o</sup>F ),0,,,A60,0,San Jose-Jackson Street 
3661,2017-10-07,12,81.14,TEMP,Degrees Fahrenheit ( <sup>o</sup>F ),0,,,A60,0,San Jose-Jackson Street 
3661,2017-10-07,13,83.48,TEMP,Degrees Fahrenheit ( <sup>o</sup>F ),0,,,A60,0,San Jose-Jackson Street 
3661,2017-10-07,14,83.30,TEMP,Degrees Fahrenheit ( <sup>o</sup>F ),0,,,A60,0,San Jose-Jackson Street 
3661,2017-10-07,15,80.06,TEMP,Degrees Fahrenheit ( <sup>o</sup>F ),0,,,A60,0,San Jose-Jackson Street 
3661,2017-10-07,16,75.38,TEMP,Degrees Fahrenheit ( <sup>o</sup>F ),0,,,A60,0,San Jose-Jackson Street 
3661,2017-10-07,17,70.34,TEMP,Degrees Fahrenheit ( <sup>o</sup>F ),0,,,A60,0,San Jose-Jackson Street 
3661,2017-10-07,18,66.20,TEMP,Degrees Fahrenheit ( <sup>o</sup>F ),0,,,A60,0,San Jose-Jackson Street 
3661,2017-10-07,19,62.78,TEMP,Degrees Fahrenheit ( <sup>o</sup>F ),0,,,A60,0,San Jose-Jackson Street 
3661,2017-10-07,20,60.62,TEMP,Degrees Fahrenheit ( <sup>o</sup>F ),0,,,A60,0,San Jose-Jackson Street 
3661,2017-10-07,21,59.18,TEMP,Degrees Fahrenheit ( <sup>o</sup>F ),0,,,A60,0,San Jose-Jackson Street 
3661,2017-10-07,22,58.82,TEMP,Degrees Fahrenheit ( <sup>o</sup>F ),0,,,A60,0,San Jose-Jackson Street 
3661,2017-10-07,23,57.74,TEMP,Degrees Fahrenheit ( <sup>o</sup>F ),0,,,A60,0,San Jose-Jackson Street 
3661,2017-10-08,0,58.28,TEMP,Degrees Fahrenheit ( <sup>o</sup>F ),0,,,A60,0,San Jose-Jackson Street 
3661,2017-10-08,1,57.20,TEMP,Degrees Fahrenheit ( <sup>o</sup>F ),0,,,A60,0,San Jose-Jackson Street 
3661,2017-10-08,2,56.66,TEMP,Degrees Fahrenheit ( <sup>o</sup>F ),0,,,A60,0,San Jose-Jackson Street 
3661,2017-10-08,3,55.04,TEMP,Degrees Fahrenheit ( <sup>o</sup>F ),0,,,A60,0,San Jose-Jackson Street 
3661,2017-10-08,4,53.60,TEMP,Degrees Fahrenheit ( <sup>o</sup>F ),0,,,A60,0,San Jose-Jackson Street 
3661,2017-10-08,5,54.32,TEMP,Degrees Fahrenheit ( <sup>o</sup>F ),0,,,A60,0,San Jose-Jackson Street 
3661,2017-10-08,6,53.60,TEMP,Degrees Fahrenheit ( <sup>o</sup>F ),0,,,A60,0,San Jose-Jackson Street 
3661,2017-10-08,7,56.84,TEMP,Degrees Fahrenheit ( <sup>o</sup>F ),0,,,A60,0,San Jose-Jackson Street 
3661,2017-10-08,8,62.06,TEMP,Degrees Fahrenheit ( <sup>o</sup>F ),0,,,A60,0,San Jose-Jackson Street 
3661,2017-10-08,9,66.92,TEMP,Degrees Fahrenheit ( <sup>o</sup>F ),0,,,A60,0,San Jose-Jackson Street 
3661,2017-10-08,10,73.04,TEMP,Degrees Fahrenheit ( <sup>o</sup>F ),0,,,A60,0,San Jose-Jackson Street 
3661,2017-10-08,11,77.00,TEMP,Degrees Fahrenheit ( <sup>o</sup>F ),0,,,A60,0,San Jose-Jackson Street 
3661,2017-10-08,12,80.96,TEMP,Degrees Fahrenheit ( <sup>o</sup>F ),0,,,A60,0,San Jose-Jackson Street 
3661,2017-10-08,13,84.38,TEMP,Degrees Fahrenheit ( <sup>o</sup>F ),0,,,A60,0,San Jose-Jackson Street 
3661,2017-10-08,14,83.30,TEMP,Degrees Fahrenheit ( <sup>o</sup>F ),0,,,A60,0,San Jose-Jackson Street 
3661,2017-10-08,15,81.68,TEMP,Degrees Fahrenheit ( <sup>o</sup>F ),0,,,A60,0,San Jose-Jackson Street 
3661,2017-10-08,16,79.16,TEMP,Degrees Fahrenheit ( <sup>o</sup>F ),0,,,A60,0,San Jose-Jackson Street 
3661,2017-10-08,17,78.26,TEMP,Degrees Fahrenheit ( <sup>o</sup>F ),0,,,A60,0,San Jose-Jackson Street 
3661,2017-10-08,18,74.66,TEMP,Degrees Fahrenheit ( <sup>o</sup>F ),0,,,A60,0,San Jose-Jackson Street 
3661,2017-10-08,19,69.44,TEMP,Degrees Fahrenheit ( <sup>o</sup>F ),0,,,A60,0,San Jose-Jackson Street 
3661,2017-10-08,20,68.18,TEMP,Degrees Fahrenheit ( <sup>o</sup>F ),0,,,A60,0,San Jose-Jackson Street 
3661,2017-10-08,21,66.02,TEMP,Degrees Fahrenheit ( <sup>o</sup>F ),0,,,A60,0,San Jose-Jackson Street 
3661,2017-10-08,22,64.40,TEMP,Degrees Fahrenheit ( <sup>o</sup>F ),0,,,A60,0,San Jose-Jackson Street 
3661,2017-10-08,23,63.86,TEMP,Degrees Fahrenheit ( <sup>o</sup>F ),0,,,A60,0,San Jose-Jackson Street 
3661,2017-10-09,0,63.14,TEMP,Degrees Fahrenheit ( <sup>o</sup>F ),0,,,A60,0,San Jose-Jackson Street 
3661,2017-10-09,1,66.20,TEMP,Degrees Fahrenheit ( <sup>o</sup>F ),0,,,A60,0,San Jose-Jackson Street 
3661,2017-10-09,2,61.16,TEMP,Degrees Fahrenheit ( <sup>o</sup>F ),0,,,A60,0,San Jose-Jackson Street 
3661,2017-10-09,3,57.74,TEMP,Degrees Fahrenheit ( <sup>o</sup>F ),0,,,A60,0,San Jose-Jackson Street 
3661,2017-10-09,4,59.18,TEMP,Degrees Fahrenheit ( <sup>o</sup>F ),0,,,A60,0,San Jose-Jackson Street 
3661,2017-10-09,5,59.00,TEMP,Degrees Fahrenheit ( <sup>o</sup>F ),0,,,A60,0,San Jose-Jackson Street 
3661,2017-10-09,6,59.90,TEMP,Degrees Fahrenheit ( <sup>o</sup>F ),0,,,A60,0,San Jose-Jackson Street 
3661,2017-10-09,7,64.04,TEMP,Degrees Fahrenheit ( <sup>o</sup>F ),0,,,A60,0,San Jose-Jackson Street 
3661,2017-10-09,8,68.90,TEMP,Degrees Fahrenheit ( <sup>o</sup>F ),0,,,A60,0,San Jose-Jackson Street 
3661,2017-10-09,9,73.40,TEMP,Degrees Fahrenheit ( <sup>o</sup>F ),0,,,A60,0,San Jose-Jackson Street 
3661,2017-10-09,10,75.38,TEMP,Degrees Fahrenheit ( <sup>o</sup>F ),0,,,A60,0,San Jose-Jackson Street 
3661,2017-10-09,11,77.90,TEMP,Degrees Fahrenheit ( <sup>o</sup>F ),0,,,A60,0,San Jose-Jackson Street 
3661,2017-10-09,12,80.24,TEMP,Degrees Fahrenheit ( <sup>o</sup>F ),0,,,A60,0,San Jose-Jackson Street 
3661,2017-10-09,13,82.58,TEMP,Degrees Fahrenheit ( <sup>o</sup>F ),0,,,A60,0,San Jose-Jackson Street 
3661,2017-10-09,14,83.48,TEMP,Degrees Fahrenheit ( <sup>o</sup>F ),0,,,A60,0,San Jose-Jackson Street 
3661,2017-10-09,15,82.40,TEMP,Degrees Fahrenheit ( <sup>o</sup>F ),0,,,A60,0,San Jose-Jackson Street 
3661,2017-10-09,16,78.98,TEMP,Degrees Fahrenheit ( <sup>o</sup>F ),0,,,A60,0,San Jose-Jackson Street 
3661,2017-10-09,17,74.12,TEMP,Degrees Fahrenheit ( <sup>o</sup>F ),0,,,A60,0,San Jose-Jackson Street 
3661,2017-10-09,18,71.24,TEMP,Degrees Fahrenheit ( <sup>o</sup>F ),0,,,A60,0,San Jose-Jackson Street 
3661,2017-10-09,19,68.18,TEMP,Degrees Fahrenheit ( <sup>o</sup>F ),0,,,A60,0,San Jose-Jackson Street 
3661,2017-10-09,20,66.92,TEMP,Degrees Fahrenheit ( <sup>o</sup>F ),0,,,A60,0,San Jose-Jackson Street 
3661,2017-10-09,21,66.02,TEMP,Degrees Fahrenheit ( <sup>o</sup>F ),0,,,A60,0,San Jose-Jackson Street 
3661,2017-10-09,22,63.32,TEMP,Degrees Fahrenheit ( <sup>o</sup>F ),0,,,A60,0,San Jose-Jackson Street 
3661,2017-10-09,23,60.44,TEMP,Degrees Fahrenheit ( <sup>o</sup>F ),0,,,A60,0,San Jose-Jackson Street 
3661,2017-10-10,0,58.64,TEMP,Degrees Fahrenheit ( <sup>o</sup>F ),0,,,A60,0,San Jose-Jackson Street 
3661,2017-10-10,1,57.92,TEMP,Degrees Fahrenheit ( <sup>o</sup>F ),0,,,A60,0,San Jose-Jackson Street 
3661,2017-10-10,2,56.30,TEMP,Degrees Fahrenheit ( <sup>o</sup>F ),0,,,A60,0,San Jose-Jackson Street 
3661,2017-10-10,3,55.22,TEMP,Degrees Fahrenheit ( <sup>o</sup>F ),0,,,A60,0,San Jose-Jackson Street 
3661,2017-10-10,4,54.14,TEMP,Degrees Fahrenheit ( <sup>o</sup>F ),0,,,A60,0,San Jose-Jackson Street 
3661,2017-10-10,5,54.32,TEMP,Degrees Fahrenheit ( <sup>o</sup>F ),0,,,A60,0,San Jose-Jackson Street 
3661,2017-10-10,6,54.50,TEMP,Degrees Fahrenheit ( <sup>o</sup>F ),0,,,A60,0,San Jose-Jackson Street 
3661,2017-10-10,7,59.54,TEMP,Degrees Fahrenheit ( <sup>o</sup>F ),0,,,A60,0,San Jose-Jackson Street 
3661,2017-10-10,8,66.02,TEMP,Degrees Fahrenheit ( <sup>o</sup>F ),0,,,A60,0,San Jose-Jackson Street 
3661,2017-10-10,9,71.60,TEMP,Degrees Fahrenheit ( <sup>o</sup>F ),0,,,A60,0,San Jose-Jackson Street 
3661,2017-10-10,10,75.38,TEMP,Degrees Fahrenheit ( <sup>o</sup>F ),0,,,A60,0,San Jose-Jackson Street 
3661,2017-10-10,11,76.82,TEMP,Degrees Fahrenheit ( <sup>o</sup>F ),0,,,A60,0,San Jose-Jackson Street 
3661,2017-10-10,12,78.80,TEMP,Degrees Fahrenheit ( <sup>o</sup>F ),0,,,A60,0,San Jose-Jackson Street 
3661,2017-10-10,13,79.70,TEMP,Degrees Fahrenheit ( <sup>o</sup>F ),0,,,A60,0,San Jose-Jackson Street 
3661,2017-10-10,14,78.98,TEMP,Degrees Fahrenheit ( <sup>o</sup>F ),0,,,A60,0,San Jose-Jackson Street 
3661,2017-10-10,15,76.28,TEMP,Degrees Fahrenheit ( <sup>o</sup>F ),0,,,A60,0,San Jose-Jackson Street 
3661,2017-10-10,16,74.30,TEMP,Degrees Fahrenheit ( <sup>o</sup>F ),0,,,A60,0,San Jose-Jackson Street 
3661,2017-10-10,17,70.70,TEMP,Degrees Fahrenheit ( <sup>o</sup>F ),0,,,A60,0,San Jose-Jackson Street 
3661,2017-10-10,18,66.74,TEMP,Degrees Fahrenheit ( <sup>o</sup>F ),0,,,A60,0,San Jose-Jackson Street 
3661,2017-10-10,19,63.86,TEMP,Degrees Fahrenheit ( <sup>o</sup>F ),0,,,A60,0,San Jose-Jackson Street 
3661,2017-10-10,20,61.70,TEMP,Degrees Fahrenheit ( <sup>o</sup>F ),0,,,A60,0,San Jose-Jackson Street 
3661,2017-10-10,21,59.00,TEMP,Degrees Fahrenheit ( <sup>o</sup>F ),0,,,A60,0,San Jose-Jackson Street 
3661,2017-10-10,22,57.02,TEMP,Degrees Fahrenheit ( <sup>o</sup>F ),0,,,A60,0,San Jose-Jackson Street 
3661,2017-10-10,23,56.84,TEMP,Degrees Fahrenheit ( <sup>o</sup>F ),0,,,A60,0,San Jose-Jackson Street 
3661,2017-10-11,0,56.66,TEMP,Degrees Fahrenheit ( <sup>o</sup>F ),0,,,A60,0,San Jose-Jackson Street 
3661,2017-10-11,1,54.68,TEMP,Degrees Fahrenheit ( <sup>o</sup>F ),0,,,A60,0,San Jose-Jackson Street 
3661,2017-10-11,2,54.32,TEMP,Degrees Fahrenheit ( <sup>o</sup>F ),0,,,A60,0,San Jose-Jackson Street 
3661,2017-10-11,3,53.78,TEMP,Degrees Fahrenheit ( <sup>o</sup>F ),0,,,A60,0,San Jose-Jackson Street 
3661,2017-10-11,4,53.24,TEMP,Degrees Fahrenheit ( <sup>o</sup>F ),0,,,A60,0,San Jose-Jackson Street 
3661,2017-10-11,5,52.52,TEMP,Degrees Fahrenheit ( <sup>o</sup>F ),0,,,A60,0,San Jose-Jackson Street 
3661,2017-10-11,6,53.24,TEMP,Degrees Fahrenheit ( <sup>o</sup>F ),0,,,A60,0,San Jose-Jackson Street 
3661,2017-10-11,7,54.68,TEMP,Degrees Fahrenheit ( <sup>o</sup>F ),0,,,A60,0,San Jose-Jackson Street 
3661,2017-10-11,8,57.56,TEMP,Degrees Fahrenheit ( <sup>o</sup>F ),0,,,A60,0,San Jose-Jackson Street 
3661,2017-10-11,9,60.44,TEMP,Degrees Fahrenheit ( <sup>o</sup>F ),0,,,A60,0,San Jose-Jackson Street 
3661,2017-10-11,10,63.32,TEMP,Degrees Fahrenheit ( <sup>o</sup>F ),0,,,A60,0,San Jose-Jackson Street 
3661,2017-10-11,11,65.12,TEMP,Degrees Fahrenheit ( <sup>o</sup>F ),0,,,A60,0,San Jose-Jackson Street 
3661,2017-10-11,12,68.00,TEMP,Degrees Fahrenheit ( <sup>o</sup>F ),0,,,A60,0,San Jose-Jackson Street 
3661,2017-10-11,13,68.72,TEMP,Degrees Fahrenheit ( <sup>o</sup>F ),0,,,A60,0,San Jose-Jackson Street 
3661,2017-10-11,14,69.26,TEMP,Degrees Fahrenheit ( <sup>o</sup>F ),0,,,A60,0,San Jose-Jackson Street 
3661,2017-10-11,15,69.26,TEMP,Degrees Fahrenheit ( <sup>o</sup>F ),0,,,A60,0,San Jose-Jackson Street 
3661,2017-10-11,16,66.74,TEMP,Degrees Fahrenheit ( <sup>o</sup>F ),0,,,A60,0,San Jose-Jackson Street 
3661,2017-10-11,17,63.32,TEMP,Degrees Fahrenheit ( <sup>o</sup>F ),0,,,A60,0,San Jose-Jackson Street 
3661,2017-10-11,18,60.98,TEMP,Degrees Fahrenheit ( <sup>o</sup>F ),0,,,A60,0,San Jose-Jackson Street 
3661,2017-10-11,19,59.18,TEMP,Degrees Fahrenheit ( <sup>o</sup>F ),0,,,A60,0,San Jose-Jackson Street 
3661,2017-10-11,20,58.28,TEMP,Degrees Fahrenheit ( <sup>o</sup>F ),0,,,A60,0,San Jose-Jackson Street 
3661,2017-10-11,21,57.92,TEMP,Degrees Fahrenheit ( <sup>o</sup>F ),0,,,A60,0,San Jose-Jackson Street 
3661,2017-10-11,22,55.58,TEMP,Degrees Fahrenheit ( <sup>o</sup>F ),0,,,A60,0,San Jose-Jackson Street 
3661,2017-10-11,23,53.42,TEMP,Degrees Fahrenheit ( <sup>o</sup>F ),0,,,A60,0,San Jose-Jackson Street 
3661,2017-10-12,0,51.98,TEMP,Degrees Fahrenheit ( <sup>o</sup>F ),0,,,A60,0,San Jose-Jackson Street 
3661,2017-10-12,1,50.00,TEMP,Degrees Fahrenheit ( <sup>o</sup>F ),0,,,A60,0,San Jose-Jackson Street 
3661,2017-10-12,2,49.28,TEMP,Degrees Fahrenheit ( <sup>o</sup>F ),0,,,A60,0,San Jose-Jackson Street 
3661,2017-10-12,3,48.56,TEMP,Degrees Fahrenheit ( <sup>o</sup>F ),0,,,A60,0,San Jose-Jackson Street 
3661,2017-10-12,4,47.12,TEMP,Degrees Fahrenheit ( <sup>o</sup>F ),0,,,A60,0,San Jose-Jackson Street 
3661,2017-10-12,5,48.38,TEMP,Degrees Fahrenheit ( <sup>o</sup>F ),0,,,A60,0,San Jose-Jackson Street 
3661,2017-10-12,6,48.38,TEMP,Degrees Fahrenheit ( <sup>o</sup>F ),0,,,A60,0,San Jose-Jackson Street 
3661,2017-10-12,7,52.88,TEMP,Degrees Fahrenheit ( <sup>o</sup>F ),0,,,A60,0,San Jose-Jackson Street 
3661,2017-10-12,8,59.54,TEMP,Degrees Fahrenheit ( <sup>o</sup>F ),0,,,A60,0,San Jose-Jackson Street 
3661,2017-10-12,9,65.48,TEMP,Degrees Fahrenheit ( <sup>o</sup>F ),0,,,A60,0,San Jose-Jackson Street 
3661,2017-10-12,10,68.54,TEMP,Degrees Fahrenheit ( <sup>o</sup>F ),0,,,A60,0,San Jose-Jackson Street 
3661,2017-10-12,11,70.88,TEMP,Degrees Fahrenheit ( <sup>o</sup>F ),0,,,A60,0,San Jose-Jackson Street 
3661,2017-10-12,12,72.14,TEMP,Degrees Fahrenheit ( <sup>o</sup>F ),0,,,A60,0,San Jose-Jackson Street 
3661,2017-10-12,13,73.22,TEMP,Degrees Fahrenheit ( <sup>o</sup>F ),0,,,A60,0,San Jose-Jackson Street 
3661,2017-10-12,14,74.12,TEMP,Degrees Fahrenheit ( <sup>o</sup>F ),0,,,A60,0,San Jose-Jackson Street 
3661,2017-10-12,15,73.58,TEMP,Degrees Fahrenheit ( <sup>o</sup>F ),0,,,A60,0,San Jose-Jackson Street 
3661,2017-10-12,16,70.16,TEMP,Degrees Fahrenheit ( <sup>o</sup>F ),0,,,A60,0,San Jose-Jackson Street 
3661,2017-10-12,17,65.12,TEMP,Degrees Fahrenheit ( <sup>o</sup>F ),0,,,A60,0,San Jose-Jackson Street 
3661,2017-10-12,18,61.70,TEMP,Degrees Fahrenheit ( <sup>o</sup>F ),0,,,A60,0,San Jose-Jackson Street 
3661,2017-10-12,19,58.46,TEMP,Degrees Fahrenheit ( <sup>o</sup>F ),0,,,A60,0,San Jose-Jackson Street 
3661,2017-10-12,20,58.64,TEMP,Degrees Fahrenheit ( <sup>o</sup>F ),0,,,A60,0,San Jose-Jackson Street 
3661,2017-10-12,21,58.28,TEMP,Degrees Fahrenheit ( <sup>o</sup>F ),0,,,A60,0,San Jose-Jackson Street 
3661,2017-10-12,22,55.22,TEMP,Degrees Fahrenheit ( <sup>o</sup>F ),0,,,A60,0,San Jose-Jackson Street 
3661,2017-10-12,23,53.42,TEMP,Degrees Fahrenheit ( <sup>o</sup>F ),0,,,A60,0,San Jose-Jackson Street 
3661,2017-10-13,0,51.44,TEMP,Degrees Fahrenheit ( <sup>o</sup>F ),0,,,A60,0,San Jose-Jackson Street 
3661,2017-10-13,1,49.46,TEMP,Degrees Fahrenheit ( <sup>o</sup>F ),0,,,A60,0,San Jose-Jackson Street 
3661,2017-10-13,2,49.64,TEMP,Degrees Fahrenheit ( <sup>o</sup>F ),0,,,A60,0,San Jose-Jackson Street 
3661,2017-10-13,3,47.66,TEMP,Degrees Fahrenheit ( <sup>o</sup>F ),0,,,A60,0,San Jose-Jackson Street 
3661,2017-10-13,4,46.94,TEMP,Degrees Fahrenheit ( <sup>o</sup>F ),0,,,A60,0,San Jose-Jackson Street 
3661,2017-10-13,5,47.84,TEMP,Degrees Fahrenheit ( <sup>o</sup>F ),0,,,A60,0,San Jose-Jackson Street 
3661,2017-10-13,6,47.66,TEMP,Degrees Fahrenheit ( <sup>o</sup>F ),0,,,A60,0,San Jose-Jackson Street 
3661,2017-10-13,7,52.52,TEMP,Degrees Fahrenheit ( <sup>o</sup>F ),0,,,A60,0,San Jose-Jackson Street 
3661,2017-10-13,8,57.38,TEMP,Degrees Fahrenheit ( <sup>o</sup>F ),0,,,A60,0,San Jose-Jackson Street 
3661,2017-10-13,9,62.78,TEMP,Degrees Fahrenheit ( <sup>o</sup>F ),0,,,A60,0,San Jose-Jackson Street 
3661,2017-10-13,10,66.20,TEMP,Degrees Fahrenheit ( <sup>o</sup>F ),0,,,A60,0,San Jose-Jackson Street 
3661,2017-10-13,11,70.16,TEMP,Degrees Fahrenheit ( <sup>o</sup>F ),0,,,A60,0,San Jose-Jackson Street 
3661,2017-10-13,12,73.94,TEMP,Degrees Fahrenheit ( <sup>o</sup>F ),0,,,A60,0,San Jose-Jackson Street 
3661,2017-10-13,13,76.10,TEMP,Degrees Fahrenheit ( <sup>o</sup>F ),0,,,A60,0,San Jose-Jackson Street 
3661,2017-10-13,14,76.64,TEMP,Degrees Fahrenheit ( <sup>o</sup>F ),0,,,A60,0,San Jose-Jackson Street 
3661,2017-10-13,15,75.02,TEMP,Degrees Fahrenheit ( <sup>o</sup>F ),0,,,A60,0,San Jose-Jackson Street 
3661,2017-10-13,16,71.42,TEMP,Degrees Fahrenheit ( <sup>o</sup>F ),0,,,A60,0,San Jose-Jackson Street 
3661,2017-10-13,17,66.92,TEMP,Degrees Fahrenheit ( <sup>o</sup>F ),0,,,A60,0,San Jose-Jackson Street 
3661,2017-10-13,18,64.22,TEMP,Degrees Fahrenheit ( <sup>o</sup>F ),0,,,A60,0,San Jose-Jackson Street 
3661,2017-10-13,19,62.42,TEMP,Degrees Fahrenheit ( <sup>o</sup>F ),0,,,A60,0,San Jose-Jackson Street 
3661,2017-10-13,20,61.34,TEMP,Degrees Fahrenheit ( <sup>o</sup>F ),0,,,A60,0,San Jose-Jackson Street 
3661,2017-10-13,21,60.08,TEMP,Degrees Fahrenheit ( <sup>o</sup>F ),0,,,A60,0,San Jose-Jackson Street 
3661,2017-10-13,22,57.92,TEMP,Degrees Fahrenheit ( <sup>o</sup>F ),0,,,A60,0,San Jose-Jackson Street 
3661,2017-10-13,23,55.94,TEMP,Degrees Fahrenheit ( <sup>o</sup>F ),0,,,A60,0,San Jose-Jackson Street 
3661,2017-10-14,0,53.78,TEMP,Degrees Fahrenheit ( <sup>o</sup>F ),0,,,A60,0,San Jose-Jackson Street 
3661,2017-10-14,1,52.70,TEMP,Degrees Fahrenheit ( <sup>o</sup>F ),0,,,A60,0,San Jose-Jackson Street 
3661,2017-10-14,2,51.62,TEMP,Degrees Fahrenheit ( <sup>o</sup>F ),0,,,A60,0,San Jose-Jackson Street 
3661,2017-10-14,3,50.54,TEMP,Degrees Fahrenheit ( <sup>o</sup>F ),0,,,A60,0,San Jose-Jackson Street 
3661,2017-10-14,4,50.18,TEMP,Degrees Fahrenheit ( <sup>o</sup>F ),0,,,A60,0,San Jose-Jackson Street 
3661,2017-10-14,5,51.26,TEMP,Degrees Fahrenheit ( <sup>o</sup>F ),0,,,A60,0,San Jose-Jackson Street 
3661,2017-10-14,6,57.38,TEMP,Degrees Fahrenheit ( <sup>o</sup>F ),0,,,A60,0,San Jose-Jackson Street 
3661,2017-10-14,7,62.96,TEMP,Degrees Fahrenheit ( <sup>o</sup>F ),0,,,A60,0,San Jose-Jackson Street 
3661,2017-10-14,8,68.90,TEMP,Degrees Fahrenheit ( <sup>o</sup>F ),0,,,A60,0,San Jose-Jackson Street 
3661,2017-10-14,9,70.88,TEMP,Degrees Fahrenheit ( <sup>o</sup>F ),0,,,A60,0,San Jose-Jackson Street 
3661,2017-10-14,10,72.86,TEMP,Degrees Fahrenheit ( <sup>o</sup>F ),0,,,A60,0,San Jose-Jackson Street 
3661,2017-10-14,11,75.02,TEMP,Degrees Fahrenheit ( <sup>o</sup>F ),0,,,A60,0,San Jose-Jackson Street 
3661,2017-10-14,12,76.64,TEMP,Degrees Fahrenheit ( <sup>o</sup>F ),0,,,A60,0,San Jose-Jackson Street 
3661,2017-10-14,13,78.44,TEMP,Degrees Fahrenheit ( <sup>o</sup>F ),0,,,A60,0,San Jose-Jackson Street 
3661,2017-10-14,14,79.34,TEMP,Degrees Fahrenheit ( <sup>o</sup>F ),0,,,A60,0,San Jose-Jackson Street 
3661,2017-10-14,15,79.34,TEMP,Degrees Fahrenheit ( <sup>o</sup>F ),0,,,A60,0,San Jose-Jackson Street 
3661,2017-10-14,16,77.18,TEMP,Degrees Fahrenheit ( <sup>o</sup>F ),0,,,A60,0,San Jose-Jackson Street 
3661,2017-10-14,17,72.50,TEMP,Degrees Fahrenheit ( <sup>o</sup>F ),0,,,A60,0,San Jose-Jackson Street 
3661,2017-10-14,18,68.36,TEMP,Degrees Fahrenheit ( <sup>o</sup>F ),0,,,A60,0,San Jose-Jackson Street 
3661,2017-10-14,19,66.02,TEMP,Degrees Fahrenheit ( <sup>o</sup>F ),0,,,A60,0,San Jose-Jackson Street 
3661,2017-10-14,20,64.58,TEMP,Degrees Fahrenheit ( <sup>o</sup>F ),0,,,A60,0,San Jose-Jackson Street 
3661,2017-10-14,21,59.72,TEMP,Degrees Fahrenheit ( <sup>o</sup>F ),0,,,A60,0,San Jose-Jackson Street 
3661,2017-10-14,22,57.20,TEMP,Degrees Fahrenheit ( <sup>o</sup>F ),0,,,A60,0,San Jose-Jackson Street 
3661,2017-10-14,23,55.22,TEMP,Degrees Fahrenheit ( <sup>o</sup>F ),0,,,A60,0,San Jose-Jackson Street 
3661,2017-10-15,0,54.86,TEMP,Degrees Fahrenheit ( <sup>o</sup>F ),0,,,A60,0,San Jose-Jackson Street 
3661,2017-10-15,1,53.96,TEMP,Degrees Fahrenheit ( <sup>o</sup>F ),0,,,A60,0,San Jose-Jackson Street 
3661,2017-10-15,2,52.70,TEMP,Degrees Fahrenheit ( <sup>o</sup>F ),0,,,A60,0,San Jose-Jackson Street 
3661,2017-10-15,3,51.44,TEMP,Degrees Fahrenheit ( <sup>o</sup>F ),0,,,A60,0,San Jose-Jackson Street 
3661,2017-10-15,4,50.00,TEMP,Degrees Fahrenheit ( <sup>o</sup>F ),0,,,A60,0,San Jose-Jackson Street 
3661,2017-10-15,5,49.10,TEMP,Degrees Fahrenheit ( <sup>o</sup>F ),0,,,A60,0,San Jose-Jackson Street 
3661,2017-10-15,6,49.82,TEMP,Degrees Fahrenheit ( <sup>o</sup>F ),0,,,A60,0,San Jose-Jackson Street 
3661,2017-10-15,7,55.04,TEMP,Degrees Fahrenheit ( <sup>o</sup>F ),0,,,A60,0,San Jose-Jackson Street 
3661,2017-10-15,8,61.70,TEMP,Degrees Fahrenheit ( <sup>o</sup>F ),0,,,A60,0,San Jose-Jackson Street 
3661,2017-10-15,9,68.18,TEMP,Degrees Fahrenheit ( <sup>o</sup>F ),0,,,A60,0,San Jose-Jackson Street 
3661,2017-10-15,10,72.86,TEMP,Degrees Fahrenheit ( <sup>o</sup>F ),0,,,A60,0,San Jose-Jackson Street 
3661,2017-10-15,11,77.36,TEMP,Degrees Fahrenheit ( <sup>o</sup>F ),0,,,A60,0,San Jose-Jackson Street 
3661,2017-10-15,12,80.78,TEMP,Degrees Fahrenheit ( <sup>o</sup>F ),0,,,A60,0,San Jose-Jackson Street 
3661,2017-10-15,13,83.84,TEMP,Degrees Fahrenheit ( <sup>o</sup>F ),0,,,A60,0,San Jose-Jackson Street 
3661,2017-10-15,14,84.74,TEMP,Degrees Fahrenheit ( <sup>o</sup>F ),0,,,A60,0,San Jose-Jackson Street 
3661,2017-10-15,15,83.48,TEMP,Degrees Fahrenheit ( <sup>o</sup>F ),0,,,A60,0,San Jose-Jackson Street 
3661,2017-10-15,16,80.78,TEMP,Degrees Fahrenheit ( <sup>o</sup>F ),0,,,A60,0,San Jose-Jackson Street 
3661,2017-10-15,17,75.02,TEMP,Degrees Fahrenheit ( <sup>o</sup>F ),0,,,A60,0,San Jose-Jackson Street 
3661,2017-10-15,18,73.04,TEMP,Degrees Fahrenheit ( <sup>o</sup>F ),0,,,A60,0,San Jose-Jackson Street 
3661,2017-10-15,19,71.42,TEMP,Degrees Fahrenheit ( <sup>o</sup>F ),0,,,A60,0,San Jose-Jackson Street 
3661,2017-10-15,20,69.44,TEMP,Degrees Fahrenheit ( <sup>o</sup>F ),0,,,A60,0,San Jose-Jackson Street 
3661,2017-10-15,21,66.38,TEMP,Degrees Fahrenheit ( <sup>o</sup>F ),0,,,A60,0,San Jose-Jackson Street 
3661,2017-10-15,22,62.42,TEMP,Degrees Fahrenheit ( <sup>o</sup>F ),0,,,A60,0,San Jose-Jackson Street 
3661,2017-10-15,23,59.54,TEMP,Degrees Fahrenheit ( <sup>o</sup>F ),0,,,A60,0,San Jose-Jackson Street 
3661,2017-10-16,0,57.38,TEMP,Degrees Fahrenheit ( <sup>o</sup>F ),0,,,A60,0,San Jose-Jackson Street 
3661,2017-10-16,1,56.30,TEMP,Degrees Fahrenheit ( <sup>o</sup>F ),0,,,A60,0,San Jose-Jackson Street 
3661,2017-10-16,2,55.76,TEMP,Degrees Fahrenheit ( <sup>o</sup>F ),0,,,A60,0,San Jose-Jackson Street 
3661,2017-10-16,3,54.68,TEMP,Degrees Fahrenheit ( <sup>o</sup>F ),0,,,A60,0,San Jose-Jackson Street 
3661,2017-10-16,4,53.96,TEMP,Degrees Fahrenheit ( <sup>o</sup>F ),0,,,A60,0,San Jose-Jackson Street 
3661,2017-10-16,5,53.24,TEMP,Degrees Fahrenheit ( <sup>o</sup>F ),0,,,A60,0,San Jose-Jackson Street 
3661,2017-10-16,6,53.96,TEMP,Degrees Fahrenheit ( <sup>o</sup>F ),0,,,A60,0,San Jose-Jackson Street 
3661,2017-10-16,7,58.28,TEMP,Degrees Fahrenheit ( <sup>o</sup>F ),0,,,A60,0,San Jose-Jackson Street 
3661,2017-10-16,8,63.86,TEMP,Degrees Fahrenheit ( <sup>o</sup>F ),0,,,A60,0,San Jose-Jackson Street 
3661,2017-10-16,9,70.70,TEMP,Degrees Fahrenheit ( <sup>o</sup>F ),0,,,A60,0,San Jose-Jackson Street 
3661,2017-10-16,10,76.28,TEMP,Degrees Fahrenheit ( <sup>o</sup>F ),0,,,A60,0,San Jose-Jackson Street 
3661,2017-10-16,11,79.88,TEMP,Degrees Fahrenheit ( <sup>o</sup>F ),0,,,A60,0,San Jose-Jackson Street 
3661,2017-10-16,12,83.12,TEMP,Degrees Fahrenheit ( <sup>o</sup>F ),0,,,A60,0,San Jose-Jackson Street 
3661,2017-10-16,13,84.56,TEMP,Degrees Fahrenheit ( <sup>o</sup>F ),0,,,A60,0,San Jose-Jackson Street 
3661,2017-10-16,14,84.38,TEMP,Degrees Fahrenheit ( <sup>o</sup>F ),0,,,A60,0,San Jose-Jackson Street 
3661,2017-10-16,15,84.38,TEMP,Degrees Fahrenheit ( <sup>o</sup>F ),0,,,A60,0,San Jose-Jackson Street 
3661,2017-10-16,16,80.78,TEMP,Degrees Fahrenheit ( <sup>o</sup>F ),0,,,A60,0,San Jose-Jackson Street 
3661,2017-10-16,17,75.92,TEMP,Degrees Fahrenheit ( <sup>o</sup>F ),0,,,A60,0,San Jose-Jackson Street 
3661,2017-10-16,18,73.40,TEMP,Degrees Fahrenheit ( <sup>o</sup>F ),0,,,A60,0,San Jose-Jackson Street 
3661,2017-10-16,19,70.88,TEMP,Degrees Fahrenheit ( <sup>o</sup>F ),0,,,A60,0,San Jose-Jackson Street 
3661,2017-10-16,20,68.18,TEMP,Degrees Fahrenheit ( <sup>o</sup>F ),0,,,A60,0,San Jose-Jackson Street 
3661,2017-10-16,21,65.84,TEMP,Degrees Fahrenheit ( <sup>o</sup>F ),0,,,A60,0,San Jose-Jackson Street 
3661,2017-10-16,22,62.96,TEMP,Degrees Fahrenheit ( <sup>o</sup>F ),0,,,A60,0,San Jose-Jackson Street 
3661,2017-10-16,23,61.34,TEMP,Degrees Fahrenheit ( <sup>o</sup>F ),0,,,A60,0,San Jose-Jackson Street 
3661,2017-10-17,0,61.34,TEMP,Degrees Fahrenheit ( <sup>o</sup>F ),0,,,A60,0,San Jose-Jackson Street 
3661,2017-10-17,1,60.62,TEMP,Degrees Fahrenheit ( <sup>o</sup>F ),0,,,A60,0,San Jose-Jackson Street 
3661,2017-10-17,2,58.82,TEMP,Degrees Fahrenheit ( <sup>o</sup>F ),0,,,A60,0,San Jose-Jackson Street 
3661,2017-10-17,3,57.74,TEMP,Degrees Fahrenheit ( <sup>o</sup>F ),0,,,A60,0,San Jose-Jackson Street 
3661,2017-10-17,4,56.48,TEMP,Degrees Fahrenheit ( <sup>o</sup>F ),0,,,A60,0,San Jose-Jackson Street 
3661,2017-10-17,5,57.02,TEMP,Degrees Fahrenheit ( <sup>o</sup>F ),0,,,A60,0,San Jose-Jackson Street 
3661,2017-10-17,6,57.56,TEMP,Degrees Fahrenheit ( <sup>o</sup>F ),0,,,A60,0,San Jose-Jackson Street 
3661,2017-10-17,7,59.54,TEMP,Degrees Fahrenheit ( <sup>o</sup>F ),0,,,A60,0,San Jose-Jackson Street 
3661,2017-10-17,8,63.68,TEMP,Degrees Fahrenheit ( <sup>o</sup>F ),0,,,A60,0,San Jose-Jackson Street 
3661,2017-10-17,9,70.16,TEMP,Degrees Fahrenheit ( <sup>o</sup>F ),0,,,A60,0,San Jose-Jackson Street 
3661,2017-10-17,10,74.48,TEMP,Degrees Fahrenheit ( <sup>o</sup>F ),0,,,A60,0,San Jose-Jackson Street 
3661,2017-10-17,11,76.46,TEMP,Degrees Fahrenheit ( <sup>o</sup>F ),0,,,A60,0,San Jose-Jackson Street 
3661,2017-10-17,12,78.62,TEMP,Degrees Fahrenheit ( <sup>o</sup>F ),0,,,A60,0,San Jose-Jackson Street 
3661,2017-10-17,13,78.26,TEMP,Degrees Fahrenheit ( <sup>o</sup>F ),0,,,A60,0,San Jose-Jackson Street 
3661,2017-10-17,14,77.90,TEMP,Degrees Fahrenheit ( <sup>o</sup>F ),0,,,A60,0,San Jose-Jackson Street 
3661,2017-10-17,15,78.62,TEMP,Degrees Fahrenheit ( <sup>o</sup>F ),0,,,A60,0,San Jose-Jackson Street 
3661,2017-10-17,16,77.00,TEMP,Degrees Fahrenheit ( <sup>o</sup>F ),0,,,A60,0,San Jose-Jackson Street 
3661,2017-10-17,17,70.70,TEMP,Degrees Fahrenheit ( <sup>o</sup>F ),0,,,A60,0,San Jose-Jackson Street 
3661,2017-10-17,18,66.92,TEMP,Degrees Fahrenheit ( <sup>o</sup>F ),0,,,A60,0,San Jose-Jackson Street 
3661,2017-10-17,19,63.50,TEMP,Degrees Fahrenheit ( <sup>o</sup>F ),0,,,A60,0,San Jose-Jackson Street 
3661,2017-10-17,20,61.16,TEMP,Degrees Fahrenheit ( <sup>o</sup>F ),0,,,A60,0,San Jose-Jackson Street 
3661,2017-10-17,21,60.08,TEMP,Degrees Fahrenheit ( <sup>o</sup>F ),0,,,A60,0,San Jose-Jackson Street 
3661,2017-10-17,22,59.00,TEMP,Degrees Fahrenheit ( <sup>o</sup>F ),0,,,A60,0,San Jose-Jackson Street 
3661,2017-10-17,23,56.12,TEMP,Degrees Fahrenheit ( <sup>o</sup>F ),0,,,A60,0,San Jose-Jackson Street 
3661,2017-10-18,0,55.40,TEMP,Degrees Fahrenheit ( <sup>o</sup>F ),0,,,A60,0,San Jose-Jackson Street 
3661,2017-10-18,1,53.42,TEMP,Degrees Fahrenheit ( <sup>o</sup>F ),0,,,A60,0,San Jose-Jackson Street 
3661,2017-10-18,2,53.60,TEMP,Degrees Fahrenheit ( <sup>o</sup>F ),0,,,A60,0,San Jose-Jackson Street 
3661,2017-10-18,3,52.34,TEMP,Degrees Fahrenheit ( <sup>o</sup>F ),0,,,A60,0,San Jose-Jackson Street 
3661,2017-10-18,4,51.98,TEMP,Degrees Fahrenheit ( <sup>o</sup>F ),0,,,A60,0,San Jose-Jackson Street 
3661,2017-10-18,5,53.42,TEMP,Degrees Fahrenheit ( <sup>o</sup>F ),0,,,A60,0,San Jose-Jackson Street 
3661,2017-10-18,6,53.96,TEMP,Degrees Fahrenheit ( <sup>o</sup>F ),0,,,A60,0,San Jose-Jackson Street 
3661,2017-10-18,7,54.32,TEMP,Degrees Fahrenheit ( <sup>o</sup>F ),0,,,A60,0,San Jose-Jackson Street 
3661,2017-10-18,8,55.22,TEMP,Degrees Fahrenheit ( <sup>o</sup>F ),0,,,A60,0,San Jose-Jackson Street 
3661,2017-10-18,9,59.54,TEMP,Degrees Fahrenheit ( <sup>o</sup>F ),0,,,A60,0,San Jose-Jackson Street 
3661,2017-10-18,10,63.68,TEMP,Degrees Fahrenheit ( <sup>o</sup>F ),0,,,A60,0,San Jose-Jackson Street 
3661,2017-10-18,11,67.64,TEMP,Degrees Fahrenheit ( <sup>o</sup>F ),0,,,A60,0,San Jose-Jackson Street 
3661,2017-10-18,12,70.70,TEMP,Degrees Fahrenheit ( <sup>o</sup>F ),0,,,A60,0,San Jose-Jackson Street 
3661,2017-10-18,13,72.68,TEMP,Degrees Fahrenheit ( <sup>o</sup>F ),0,,,A60,0,San Jose-Jackson Street 
3661,2017-10-18,14,71.78,TEMP,Degrees Fahrenheit ( <sup>o</sup>F ),0,,,A60,0,San Jose-Jackson Street 
3661,2017-10-18,15,69.62,TEMP,Degrees Fahrenheit ( <sup>o</sup>F ),0,,,A60,0,San Jose-Jackson Street 
3661,2017-10-18,16,63.32,TEMP,Degrees Fahrenheit ( <sup>o</sup>F ),0,,,A60,0,San Jose-Jackson Street 
3661,2017-10-18,17,58.82,TEMP,Degrees Fahrenheit ( <sup>o</sup>F ),0,,,A60,0,San Jose-Jackson Street 
3661,2017-10-18,18,56.66,TEMP,Degrees Fahrenheit ( <sup>o</sup>F ),0,,,A60,0,San Jose-Jackson Street 
3661,2017-10-18,19,55.94,TEMP,Degrees Fahrenheit ( <sup>o</sup>F ),0,,,A60,0,San Jose-Jackson Street 
3661,2017-10-18,20,54.86,TEMP,Degrees Fahrenheit ( <sup>o</sup>F ),0,,,A60,0,San Jose-Jackson Street 
3661,2017-10-18,21,54.14,TEMP,Degrees Fahrenheit ( <sup>o</sup>F ),0,,,A60,0,San Jose-Jackson Street 
3661,2017-10-18,22,54.50,TEMP,Degrees Fahrenheit ( <sup>o</sup>F ),0,,,A60,0,San Jose-Jackson Street 
3661,2017-10-18,23,54.32,TEMP,Degrees Fahrenheit ( <sup>o</sup>F ),0,,,A60,0,San Jose-Jackson Street 
3661,2017-10-19,0,55.58,TEMP,Degrees Fahrenheit ( <sup>o</sup>F ),0,,,A60,0,San Jose-Jackson Street 
3661,2017-10-19,1,55.94,TEMP,Degrees Fahrenheit ( <sup>o</sup>F ),0,,,A60,0,San Jose-Jackson Street 
3661,2017-10-19,2,55.94,TEMP,Degrees Fahrenheit ( <sup>o</sup>F ),0,,,A60,0,San Jose-Jackson Street 
3661,2017-10-19,3,55.94,TEMP,Degrees Fahrenheit ( <sup>o</sup>F ),0,,,A60,0,San Jose-Jackson Street 
3661,2017-10-19,4,55.94,TEMP,Degrees Fahrenheit ( <sup>o</sup>F ),0,,,A60,0,San Jose-Jackson Street 
3661,2017-10-19,5,55.94,TEMP,Degrees Fahrenheit ( <sup>o</sup>F ),0,,,A60,0,San Jose-Jackson Street 
3661,2017-10-19,6,56.30,TEMP,Degrees Fahrenheit ( <sup>o</sup>F ),0,,,A60,0,San Jose-Jackson Street 
3661,2017-10-19,7,57.20,TEMP,Degrees Fahrenheit ( <sup>o</sup>F ),0,,,A60,0,San Jose-Jackson Street 
3661,2017-10-19,8,58.28,TEMP,Degrees Fahrenheit ( <sup>o</sup>F ),0,,,A60,0,San Jose-Jackson Street 
3661,2017-10-19,9,60.26,TEMP,Degrees Fahrenheit ( <sup>o</sup>F ),0,,,A60,0,San Jose-Jackson Street 
3661,2017-10-19,10,62.96,TEMP,Degrees Fahrenheit ( <sup>o</sup>F ),0,,,A60,0,San Jose-Jackson Street 
3661,2017-10-19,11,64.58,TEMP,Degrees Fahrenheit ( <sup>o</sup>F ),0,,,A60,0,San Jose-Jackson Street 
3661,2017-10-19,12,66.38,TEMP,Degrees Fahrenheit ( <sup>o</sup>F ),0,,,A60,0,San Jose-Jackson Street 
3661,2017-10-19,13,68.36,TEMP,Degrees Fahrenheit ( <sup>o</sup>F ),0,,,A60,0,San Jose-Jackson Street 
3661,2017-10-19,14,69.80,TEMP,Degrees Fahrenheit ( <sup>o</sup>F ),0,,,A60,0,San Jose-Jackson Street 
3661,2017-10-19,15,68.54,TEMP,Degrees Fahrenheit ( <sup>o</sup>F ),0,,,A60,0,San Jose-Jackson Street 
3661,2017-10-19,16,66.74,TEMP,Degrees Fahrenheit ( <sup>o</sup>F ),0,,,A60,0,San Jose-Jackson Street 
3661,2017-10-19,17,65.84,TEMP,Degrees Fahrenheit ( <sup>o</sup>F ),0,,,A60,0,San Jose-Jackson Street 
3661,2017-10-19,18,65.30,TEMP,Degrees Fahrenheit ( <sup>o</sup>F ),0,,,A60,0,San Jose-Jackson Street 
3661,2017-10-19,19,65.30,TEMP,Degrees Fahrenheit ( <sup>o</sup>F ),0,,,A60,0,San Jose-Jackson Street 
3661,2017-10-19,20,65.12,TEMP,Degrees Fahrenheit ( <sup>o</sup>F ),0,,,A60,0,San Jose-Jackson Street 
3661,2017-10-19,21,64.76,TEMP,Degrees Fahrenheit ( <sup>o</sup>F ),0,,,A60,0,San Jose-Jackson Street 
3661,2017-10-19,22,64.04,TEMP,Degrees Fahrenheit ( <sup>o</sup>F ),0,,,A60,0,San Jose-Jackson Street 
3661,2017-10-19,23,60.26,TEMP,Degrees Fahrenheit ( <sup>o</sup>F ),0,,,A60,0,San Jose-Jackson Street 
3661,2017-10-20,0,55.58,TEMP,Degrees Fahrenheit ( <sup>o</sup>F ),0,,,A60,0,San Jose-Jackson Street 
3661,2017-10-20,1,55.22,TEMP,Degrees Fahrenheit ( <sup>o</sup>F ),0,,,A60,0,San Jose-Jackson Street 
3661,2017-10-20,2,55.04,TEMP,Degrees Fahrenheit ( <sup>o</sup>F ),0,,,A60,0,San Jose-Jackson Street 
3661,2017-10-20,3,55.40,TEMP,Degrees Fahrenheit ( <sup>o</sup>F ),0,,,A60,0,San Jose-Jackson Street 
3661,2017-10-20,4,55.04,TEMP,Degrees Fahrenheit ( <sup>o</sup>F ),0,,,A60,0,San Jose-Jackson Street 
3661,2017-10-20,5,54.68,TEMP,Degrees Fahrenheit ( <sup>o</sup>F ),0,,,A60,0,San Jose-Jackson Street 
3661,2017-10-20,6,54.50,TEMP,Degrees Fahrenheit ( <sup>o</sup>F ),0,,,A60,0,San Jose-Jackson Street 
3661,2017-10-20,7,55.58,TEMP,Degrees Fahrenheit ( <sup>o</sup>F ),0,,,A60,0,San Jose-Jackson Street 
3661,2017-10-20,8,57.20,TEMP,Degrees Fahrenheit ( <sup>o</sup>F ),0,,,A60,0,San Jose-Jackson Street 
3661,2017-10-20,9,59.90,TEMP,Degrees Fahrenheit ( <sup>o</sup>F ),0,,,A60,0,San Jose-Jackson Street 
3661,2017-10-20,10,61.16,TEMP,Degrees Fahrenheit ( <sup>o</sup>F ),0,,,A60,0,San Jose-Jackson Street 
3661,2017-10-20,11,63.32,TEMP,Degrees Fahrenheit ( <sup>o</sup>F ),0,,,A60,0,San Jose-Jackson Street 
3661,2017-10-20,12,64.58,TEMP,Degrees Fahrenheit ( <sup>o</sup>F ),0,,,A60,0,San Jose-Jackson Street 
3661,2017-10-20,13,65.66,TEMP,Degrees Fahrenheit ( <sup>o</sup>F ),0,,,A60,0,San Jose-Jackson Street 
3661,2017-10-20,14,64.94,TEMP,Degrees Fahrenheit ( <sup>o</sup>F ),0,,,A60,0,San Jose-Jackson Street 
3661,2017-10-20,15,63.68,TEMP,Degrees Fahrenheit ( <sup>o</sup>F ),0,,,A60,0,San Jose-Jackson Street 
3661,2017-10-20,16,61.88,TEMP,Degrees Fahrenheit ( <sup>o</sup>F ),0,,,A60,0,San Jose-Jackson Street 
3661,2017-10-20,17,59.36,TEMP,Degrees Fahrenheit ( <sup>o</sup>F ),0,,,A60,0,San Jose-Jackson Street 
3661,2017-10-20,18,57.56,TEMP,Degrees Fahrenheit ( <sup>o</sup>F ),0,,,A60,0,San Jose-Jackson Street 
3661,2017-10-20,19,56.84,TEMP,Degrees Fahrenheit ( <sup>o</sup>F ),0,,,A60,0,San Jose-Jackson Street 
3661,2017-10-20,20,55.94,TEMP,Degrees Fahrenheit ( <sup>o</sup>F ),0,,,A60,0,San Jose-Jackson Street 
3661,2017-10-20,21,55.94,TEMP,Degrees Fahrenheit ( <sup>o</sup>F ),0,,,A60,0,San Jose-Jackson Street 
3661,2017-10-20,22,55.40,TEMP,Degrees Fahrenheit ( <sup>o</sup>F ),0,,,A60,0,San Jose-Jackson Street 
3661,2017-10-20,23,54.50,TEMP,Degrees Fahrenheit ( <sup>o</sup>F ),0,,,A60,0,San Jose-Jackson Street 
3661,2017-10-21,0,53.78,TEMP,Degrees Fahrenheit ( <sup>o</sup>F ),0,,,A60,0,San Jose-Jackson Street 
3661,2017-10-21,1,52.52,TEMP,Degrees Fahrenheit ( <sup>o</sup>F ),0,,,A60,0,San Jose-Jackson Street 
3661,2017-10-21,2,51.26,TEMP,Degrees Fahrenheit ( <sup>o</sup>F ),0,,,A60,0,San Jose-Jackson Street 
3661,2017-10-21,3,49.46,TEMP,Degrees Fahrenheit ( <sup>o</sup>F ),0,,,A60,0,San Jose-Jackson Street 
3661,2017-10-21,4,49.28,TEMP,Degrees Fahrenheit ( <sup>o</sup>F ),0,,,A60,0,San Jose-Jackson Street 
3661,2017-10-21,5,48.74,TEMP,Degrees Fahrenheit ( <sup>o</sup>F ),0,,,A60,0,San Jose-Jackson Street 
3661,2017-10-21,6,48.74,TEMP,Degrees Fahrenheit ( <sup>o</sup>F ),0,,,A60,0,San Jose-Jackson Street 
3661,2017-10-21,7,51.80,TEMP,Degrees Fahrenheit ( <sup>o</sup>F ),0,,,A60,0,San Jose-Jackson Street 
3661,2017-10-21,8,56.30,TEMP,Degrees Fahrenheit ( <sup>o</sup>F ),0,,,A60,0,San Jose-Jackson Street 
3661,2017-10-21,9,60.26,TEMP,Degrees Fahrenheit ( <sup>o</sup>F ),0,,,A60,0,San Jose-Jackson Street 
3661,2017-10-21,10,63.50,TEMP,Degrees Fahrenheit ( <sup>o</sup>F ),0,,,A60,0,San Jose-Jackson Street 
3661,2017-10-21,11,66.38,TEMP,Degrees Fahrenheit ( <sup>o</sup>F ),0,,,A60,0,San Jose-Jackson Street 
3661,2017-10-21,12,68.00,TEMP,Degrees Fahrenheit ( <sup>o</sup>F ),0,,,A60,0,San Jose-Jackson Street 
3661,2017-10-21,13,68.54,TEMP,Degrees Fahrenheit ( <sup>o</sup>F ),0,,,A60,0,San Jose-Jackson Street 
3661,2017-10-21,14,69.44,TEMP,Degrees Fahrenheit ( <sup>o</sup>F ),0,,,A60,0,San Jose-Jackson Street 
3661,2017-10-21,15,69.80,TEMP,Degrees Fahrenheit ( <sup>o</sup>F ),0,,,A60,0,San Jose-Jackson Street 
3661,2017-10-21,16,68.36,TEMP,Degrees Fahrenheit ( <sup>o</sup>F ),0,,,A60,0,San Jose-Jackson Street 
3661,2017-10-21,17,64.58,TEMP,Degrees Fahrenheit ( <sup>o</sup>F ),0,,,A60,0,San Jose-Jackson Street 
3661,2017-10-21,18,61.88,TEMP,Degrees Fahrenheit ( <sup>o</sup>F ),0,,,A60,0,San Jose-Jackson Street 
3661,2017-10-21,19,60.44,TEMP,Degrees Fahrenheit ( <sup>o</sup>F ),0,,,A60,0,San Jose-Jackson Street 
3661,2017-10-21,20,59.54,TEMP,Degrees Fahrenheit ( <sup>o</sup>F ),0,,,A60,0,San Jose-Jackson Street 
3661,2017-10-21,21,58.64,TEMP,Degrees Fahrenheit ( <sup>o</sup>F ),0,,,A60,0,San Jose-Jackson Street 
3661,2017-10-21,22,57.38,TEMP,Degrees Fahrenheit ( <sup>o</sup>F ),0,,,A60,0,San Jose-Jackson Street 
3661,2017-10-21,23,56.30,TEMP,Degrees Fahrenheit ( <sup>o</sup>F ),0,,,A60,0,San Jose-Jackson Street 
3661,2017-10-22,0,55.22,TEMP,Degrees Fahrenheit ( <sup>o</sup>F ),0,,,A60,0,San Jose-Jackson Street 
3661,2017-10-22,1,54.14,TEMP,Degrees Fahrenheit ( <sup>o</sup>F ),0,,,A60,0,San Jose-Jackson Street 
3661,2017-10-22,2,52.70,TEMP,Degrees Fahrenheit ( <sup>o</sup>F ),0,,,A60,0,San Jose-Jackson Street 
3661,2017-10-22,3,51.26,TEMP,Degrees Fahrenheit ( <sup>o</sup>F ),0,,,A60,0,San Jose-Jackson Street 
3661,2017-10-22,4,50.90,TEMP,Degrees Fahrenheit ( <sup>o</sup>F ),0,,,A60,0,San Jose-Jackson Street 
3661,2017-10-22,5,50.90,TEMP,Degrees Fahrenheit ( <sup>o</sup>F ),0,,,A60,0,San Jose-Jackson Street 
3661,2017-10-22,6,50.72,TEMP,Degrees Fahrenheit ( <sup>o</sup>F ),0,,,A60,0,San Jose-Jackson Street 
3661,2017-10-22,7,53.78,TEMP,Degrees Fahrenheit ( <sup>o</sup>F ),0,,,A60,0,San Jose-Jackson Street 
3661,2017-10-22,8,59.00,TEMP,Degrees Fahrenheit ( <sup>o</sup>F ),0,,,A60,0,San Jose-Jackson Street 
3661,2017-10-22,9,63.14,TEMP,Degrees Fahrenheit ( <sup>o</sup>F ),0,,,A60,0,San Jose-Jackson Street 
3661,2017-10-22,10,66.02,TEMP,Degrees Fahrenheit ( <sup>o</sup>F ),0,,,A60,0,San Jose-Jackson Street 
3661,2017-10-22,11,67.82,TEMP,Degrees Fahrenheit ( <sup>o</sup>F ),0,,,A60,0,San Jose-Jackson Street 
3661,2017-10-22,12,71.24,TEMP,Degrees Fahrenheit ( <sup>o</sup>F ),0,,,A60,0,San Jose-Jackson Street 
3661,2017-10-22,13,73.22,TEMP,Degrees Fahrenheit ( <sup>o</sup>F ),0,,,A60,0,San Jose-Jackson Street 
3661,2017-10-22,14,73.94,TEMP,Degrees Fahrenheit ( <sup>o</sup>F ),0,,,A60,0,San Jose-Jackson Street 
3661,2017-10-22,15,74.12,TEMP,Degrees Fahrenheit ( <sup>o</sup>F ),0,,,A60,0,San Jose-Jackson Street 
3661,2017-10-22,16,72.50,TEMP,Degrees Fahrenheit ( <sup>o</sup>F ),0,,,A60,0,San Jose-Jackson Street 
3661,2017-10-22,17,68.90,TEMP,Degrees Fahrenheit ( <sup>o</sup>F ),0,,,A60,0,San Jose-Jackson Street 
3661,2017-10-22,18,65.48,TEMP,Degrees Fahrenheit ( <sup>o</sup>F ),0,,,A60,0,San Jose-Jackson Street 
3661,2017-10-22,19,63.86,TEMP,Degrees Fahrenheit ( <sup>o</sup>F ),0,,,A60,0,San Jose-Jackson Street 
3661,2017-10-22,20,63.32,TEMP,Degrees Fahrenheit ( <sup>o</sup>F ),0,,,A60,0,San Jose-Jackson Street 
3661,2017-10-22,21,60.98,TEMP,Degrees Fahrenheit ( <sup>o</sup>F ),0,,,A60,0,San Jose-Jackson Street 
3661,2017-10-22,22,59.54,TEMP,Degrees Fahrenheit ( <sup>o</sup>F ),0,,,A60,0,San Jose-Jackson Street 
3661,2017-10-22,23,57.92,TEMP,Degrees Fahrenheit ( <sup>o</sup>F ),0,,,A60,0,San Jose-Jackson Street 
3661,2017-10-23,0,56.66,TEMP,Degrees Fahrenheit ( <sup>o</sup>F ),0,,,A60,0,San Jose-Jackson Street 
3661,2017-10-23,1,56.12,TEMP,Degrees Fahrenheit ( <sup>o</sup>F ),0,,,A60,0,San Jose-Jackson Street 
3661,2017-10-23,2,56.12,TEMP,Degrees Fahrenheit ( <sup>o</sup>F ),0,,,A60,0,San Jose-Jackson Street 
3661,2017-10-23,3,55.76,TEMP,Degrees Fahrenheit ( <sup>o</sup>F ),0,,,A60,0,San Jose-Jackson Street 
3661,2017-10-23,4,55.22,TEMP,Degrees Fahrenheit ( <sup>o</sup>F ),0,,,A60,0,San Jose-Jackson Street 
3661,2017-10-23,5,55.58,TEMP,Degrees Fahrenheit ( <sup>o</sup>F ),0,,,A60,0,San Jose-Jackson Street 
3661,2017-10-23,6,57.38,TEMP,Degrees Fahrenheit ( <sup>o</sup>F ),0,,,A60,0,San Jose-Jackson Street 
3661,2017-10-23,7,64.04,TEMP,Degrees Fahrenheit ( <sup>o</sup>F ),0,,,A60,0,San Jose-Jackson Street 
3661,2017-10-23,8,73.58,TEMP,Degrees Fahrenheit ( <sup>o</sup>F ),0,,,A60,0,San Jose-Jackson Street 
3661,2017-10-23,9,77.72,TEMP,Degrees Fahrenheit ( <sup>o</sup>F ),0,,,A60,0,San Jose-Jackson Street 
3661,2017-10-23,10,81.32,TEMP,Degrees Fahrenheit ( <sup>o</sup>F ),0,,,A60,0,San Jose-Jackson Street 
3661,2017-10-23,11,84.20,TEMP,Degrees Fahrenheit ( <sup>o</sup>F ),0,,,A60,0,San Jose-Jackson Street 
3661,2017-10-23,12,86.00,TEMP,Degrees Fahrenheit ( <sup>o</sup>F ),0,,,A60,0,San Jose-Jackson Street 
3661,2017-10-23,13,87.62,TEMP,Degrees Fahrenheit ( <sup>o</sup>F ),0,,,A60,0,San Jose-Jackson Street 
3661,2017-10-23,14,88.16,TEMP,Degrees Fahrenheit ( <sup>o</sup>F ),0,,,A60,0,San Jose-Jackson Street 
3661,2017-10-23,15,87.62,TEMP,Degrees Fahrenheit ( <sup>o</sup>F ),0,,,A60,0,San Jose-Jackson Street 
3661,2017-10-23,16,84.74,TEMP,Degrees Fahrenheit ( <sup>o</sup>F ),0,,,A60,0,San Jose-Jackson Street 
3661,2017-10-23,17,80.96,TEMP,Degrees Fahrenheit ( <sup>o</sup>F ),0,,,A60,0,San Jose-Jackson Street 
3661,2017-10-23,18,78.44,TEMP,Degrees Fahrenheit ( <sup>o</sup>F ),0,,,A60,0,San Jose-Jackson Street 
3661,2017-10-23,19,75.92,TEMP,Degrees Fahrenheit ( <sup>o</sup>F ),0,,,A60,0,San Jose-Jackson Street 
3661,2017-10-23,20,72.68,TEMP,Degrees Fahrenheit ( <sup>o</sup>F ),0,,,A60,0,San Jose-Jackson Street 
3661,2017-10-23,21,69.98,TEMP,Degrees Fahrenheit ( <sup>o</sup>F ),0,,,A60,0,San Jose-Jackson Street 
3661,2017-10-23,22,67.28,TEMP,Degrees Fahrenheit ( <sup>o</sup>F ),0,,,A60,0,San Jose-Jackson Street 
3661,2017-10-23,23,65.30,TEMP,Degrees Fahrenheit ( <sup>o</sup>F ),0,,,A60,0,San Jose-Jackson Street 
3661,2017-10-24,0,63.68,TEMP,Degrees Fahrenheit ( <sup>o</sup>F ),0,,,A60,0,San Jose-Jackson Street 
3661,2017-10-24,1,61.34,TEMP,Degrees Fahrenheit ( <sup>o</sup>F ),0,,,A60,0,San Jose-Jackson Street 
3661,2017-10-24,2,61.88,TEMP,Degrees Fahrenheit ( <sup>o</sup>F ),0,,,A60,0,San Jose-Jackson Street 
3661,2017-10-24,3,60.26,TEMP,Degrees Fahrenheit ( <sup>o</sup>F ),0,,,A60,0,San Jose-Jackson Street 
3661,2017-10-24,4,59.18,TEMP,Degrees Fahrenheit ( <sup>o</sup>F ),0,,,A60,0,San Jose-Jackson Street 
3661,2017-10-24,5,59.36,TEMP,Degrees Fahrenheit ( <sup>o</sup>F ),0,,,A60,0,San Jose-Jackson Street 
3661,2017-10-24,6,59.54,TEMP,Degrees Fahrenheit ( <sup>o</sup>F ),0,,,A60,0,San Jose-Jackson Street 
3661,2017-10-24,7,64.04,TEMP,Degrees Fahrenheit ( <sup>o</sup>F ),0,,,A60,0,San Jose-Jackson Street 
3661,2017-10-24,8,69.80,TEMP,Degrees Fahrenheit ( <sup>o</sup>F ),0,,,A60,0,San Jose-Jackson Street 
3661,2017-10-24,9,75.38,TEMP,Degrees Fahrenheit ( <sup>o</sup>F ),0,,,A60,0,San Jose-Jackson Street 
3661,2017-10-24,10,80.78,TEMP,Degrees Fahrenheit ( <sup>o</sup>F ),0,,,A60,0,San Jose-Jackson Street 
3661,2017-10-24,11,85.28,TEMP,Degrees Fahrenheit ( <sup>o</sup>F ),0,,,A60,0,San Jose-Jackson Street 
3661,2017-10-24,12,89.06,TEMP,Degrees Fahrenheit ( <sup>o</sup>F ),0,,,A60,0,San Jose-Jackson Street 
3661,2017-10-24,13,91.22,TEMP,Degrees Fahrenheit ( <sup>o</sup>F ),0,,,A60,0,San Jose-Jackson Street 
3661,2017-10-24,14,92.30,TEMP,Degrees Fahrenheit ( <sup>o</sup>F ),0,,,A60,0,San Jose-Jackson Street 
3661,2017-10-24,15,92.84,TEMP,Degrees Fahrenheit ( <sup>o</sup>F ),0,,,A60,0,San Jose-Jackson Street 
3661,2017-10-24,16,89.60,TEMP,Degrees Fahrenheit ( <sup>o</sup>F ),0,,,A60,0,San Jose-Jackson Street 
3661,2017-10-24,17,84.74,TEMP,Degrees Fahrenheit ( <sup>o</sup>F ),0,,,A60,0,San Jose-Jackson Street 
3661,2017-10-24,19,77.36,TEMP,Degrees Fahrenheit ( <sup>o</sup>F ),0,,,A60,0,San Jose-Jackson Street 
3661,2017-10-24,20,74.48,TEMP,Degrees Fahrenheit ( <sup>o</sup>F ),0,,,A60,0,San Jose-Jackson Street 
3661,2017-10-24,21,71.96,TEMP,Degrees Fahrenheit ( <sup>o</sup>F ),0,,,A60,0,San Jose-Jackson Street 
3661,2017-10-24,22,67.82,TEMP,Degrees Fahrenheit ( <sup>o</sup>F ),0,,,A60,0,San Jose-Jackson Street 
3661,2017-10-24,23,64.76,TEMP,Degrees Fahrenheit ( <sup>o</sup>F ),0,,,A60,0,San Jose-Jackson Street 
3661,2017-10-25,0,63.86,TEMP,Degrees Fahrenheit ( <sup>o</sup>F ),0,,,A60,0,San Jose-Jackson Street 
3661,2017-10-25,1,60.44,TEMP,Degrees Fahrenheit ( <sup>o</sup>F ),0,,,A60,0,San Jose-Jackson Street 
3661,2017-10-25,2,61.70,TEMP,Degrees Fahrenheit ( <sup>o</sup>F ),0,,,A60,0,San Jose-Jackson Street 
3661,2017-10-25,3,60.26,TEMP,Degrees Fahrenheit ( <sup>o</sup>F ),0,,,A60,0,San Jose-Jackson Street 
3661,2017-10-25,4,59.00,TEMP,Degrees Fahrenheit ( <sup>o</sup>F ),0,,,A60,0,San Jose-Jackson Street 
3661,2017-10-25,5,59.18,TEMP,Degrees Fahrenheit ( <sup>o</sup>F ),0,,,A60,0,San Jose-Jackson Street 
3661,2017-10-25,6,60.26,TEMP,Degrees Fahrenheit ( <sup>o</sup>F ),0,,,A60,0,San Jose-Jackson Street 
3661,2017-10-25,7,63.68,TEMP,Degrees Fahrenheit ( <sup>o</sup>F ),0,,,A60,0,San Jose-Jackson Street 
3661,2017-10-25,8,68.72,TEMP,Degrees Fahrenheit ( <sup>o</sup>F ),0,,,A60,0,San Jose-Jackson Street 
3661,2017-10-25,9,74.84,TEMP,Degrees Fahrenheit ( <sup>o</sup>F ),0,,,A60,0,San Jose-Jackson Street 
3661,2017-10-25,10,79.16,TEMP,Degrees Fahrenheit ( <sup>o</sup>F ),0,,,A60,0,San Jose-Jackson Street 
3661,2017-10-25,11,82.22,TEMP,Degrees Fahrenheit ( <sup>o</sup>F ),0,,,A60,0,San Jose-Jackson Street 
3661,2017-10-25,12,85.10,TEMP,Degrees Fahrenheit ( <sup>o</sup>F ),0,,,A60,0,San Jose-Jackson Street 
3661,2017-10-25,13,88.52,TEMP,Degrees Fahrenheit ( <sup>o</sup>F ),0,,,A60,0,San Jose-Jackson Street 
3661,2017-10-25,14,89.24,TEMP,Degrees Fahrenheit ( <sup>o</sup>F ),0,,,A60,0,San Jose-Jackson Street 
3661,2017-10-25,15,88.34,TEMP,Degrees Fahrenheit ( <sup>o</sup>F ),0,,,A60,0,San Jose-Jackson Street 
3661,2017-10-25,16,83.84,TEMP,Degrees Fahrenheit ( <sup>o</sup>F ),0,,,A60,0,San Jose-Jackson Street 
3661,2017-10-25,17,79.70,TEMP,Degrees Fahrenheit ( <sup>o</sup>F ),0,,,A60,0,San Jose-Jackson Street 
3661,2017-10-25,18,77.36,TEMP,Degrees Fahrenheit ( <sup>o</sup>F ),0,,,A60,0,San Jose-Jackson Street 
3661,2017-10-25,19,74.48,TEMP,Degrees Fahrenheit ( <sup>o</sup>F ),0,,,A60,0,San Jose-Jackson Street 
3661,2017-10-25,20,71.96,TEMP,Degrees Fahrenheit ( <sup>o</sup>F ),0,,,A60,0,San Jose-Jackson Street 
3661,2017-10-25,21,71.06,TEMP,Degrees Fahrenheit ( <sup>o</sup>F ),0,,,A60,0,San Jose-Jackson Street 
3661,2017-10-25,22,66.56,TEMP,Degrees Fahrenheit ( <sup>o</sup>F ),0,,,A60,0,San Jose-Jackson Street 
3661,2017-10-25,23,65.84,TEMP,Degrees Fahrenheit ( <sup>o</sup>F ),0,,,A60,0,San Jose-Jackson Street 
3661,2017-10-26,0,62.96,TEMP,Degrees Fahrenheit ( <sup>o</sup>F ),0,,,A60,0,San Jose-Jackson Street 
3661,2017-10-26,1,61.52,TEMP,Degrees Fahrenheit ( <sup>o</sup>F ),0,,,A60,0,San Jose-Jackson Street 
3661,2017-10-26,2,61.88,TEMP,Degrees Fahrenheit ( <sup>o</sup>F ),0,,,A60,0,San Jose-Jackson Street 
3661,2017-10-26,3,59.18,TEMP,Degrees Fahrenheit ( <sup>o</sup>F ),0,,,A60,0,San Jose-Jackson Street 
3661,2017-10-26,4,59.72,TEMP,Degrees Fahrenheit ( <sup>o</sup>F ),0,,,A60,0,San Jose-Jackson Street 
3661,2017-10-26,5,58.82,TEMP,Degrees Fahrenheit ( <sup>o</sup>F ),0,,,A60,0,San Jose-Jackson Street 
3661,2017-10-26,6,59.72,TEMP,Degrees Fahrenheit ( <sup>o</sup>F ),0,,,A60,0,San Jose-Jackson Street 
3661,2017-10-26,7,63.14,TEMP,Degrees Fahrenheit ( <sup>o</sup>F ),0,,,A60,0,San Jose-Jackson Street 
3661,2017-10-26,8,68.72,TEMP,Degrees Fahrenheit ( <sup>o</sup>F ),0,,,A60,0,San Jose-Jackson Street 
3661,2017-10-26,9,73.58,TEMP,Degrees Fahrenheit ( <sup>o</sup>F ),0,,,A60,0,San Jose-Jackson Street 
3661,2017-10-26,10,79.52,TEMP,Degrees Fahrenheit ( <sup>o</sup>F ),0,,,A60,0,San Jose-Jackson Street 
3661,2017-10-26,11,83.66,TEMP,Degrees Fahrenheit ( <sup>o</sup>F ),0,,,A60,0,San Jose-Jackson Street 
3661,2017-10-26,12,86.90,TEMP,Degrees Fahrenheit ( <sup>o</sup>F ),0,,,A60,0,San Jose-Jackson Street 
3661,2017-10-26,13,89.06,TEMP,Degrees Fahrenheit ( <sup>o</sup>F ),0,,,A60,0,San Jose-Jackson Street 
3661,2017-10-26,14,88.16,TEMP,Degrees Fahrenheit ( <sup>o</sup>F ),0,,,A60,0,San Jose-Jackson Street 
3661,2017-10-26,15,86.72,TEMP,Degrees Fahrenheit ( <sup>o</sup>F ),0,,,A60,0,San Jose-Jackson Street 
3661,2017-10-26,16,84.20,TEMP,Degrees Fahrenheit ( <sup>o</sup>F ),0,,,A60,0,San Jose-Jackson Street 
3661,2017-10-26,17,79.16,TEMP,Degrees Fahrenheit ( <sup>o</sup>F ),0,,,A60,0,San Jose-Jackson Street 
3661,2017-10-26,18,77.36,TEMP,Degrees Fahrenheit ( <sup>o</sup>F ),0,,,A60,0,San Jose-Jackson Street 
3661,2017-10-26,19,76.28,TEMP,Degrees Fahrenheit ( <sup>o</sup>F ),0,,,A60,0,San Jose-Jackson Street 
3661,2017-10-26,20,73.40,TEMP,Degrees Fahrenheit ( <sup>o</sup>F ),0,,,A60,0,San Jose-Jackson Street 
3661,2017-10-26,21,71.24,TEMP,Degrees Fahrenheit ( <sup>o</sup>F ),0,,,A60,0,San Jose-Jackson Street 
3661,2017-10-26,22,68.36,TEMP,Degrees Fahrenheit ( <sup>o</sup>F ),0,,,A60,0,San Jose-Jackson Street 
3661,2017-10-26,23,65.12,TEMP,Degrees Fahrenheit ( <sup>o</sup>F ),0,,,A60,0,San Jose-Jackson Street 
3661,2017-10-27,0,63.68,TEMP,Degrees Fahrenheit ( <sup>o</sup>F ),0,,,A60,0,San Jose-Jackson Street 
3661,2017-10-27,1,61.88,TEMP,Degrees Fahrenheit ( <sup>o</sup>F ),0,,,A60,0,San Jose-Jackson Street 
3661,2017-10-27,2,59.72,TEMP,Degrees Fahrenheit ( <sup>o</sup>F ),0,,,A60,0,San Jose-Jackson Street 
3661,2017-10-27,3,60.44,TEMP,Degrees Fahrenheit ( <sup>o</sup>F ),0,,,A60,0,San Jose-Jackson Street 
3661,2017-10-27,4,59.90,TEMP,Degrees Fahrenheit ( <sup>o</sup>F ),0,,,A60,0,San Jose-Jackson Street 
3661,2017-10-27,5,59.18,TEMP,Degrees Fahrenheit ( <sup>o</sup>F ),0,,,A60,0,San Jose-Jackson Street 
3661,2017-10-27,6,59.72,TEMP,Degrees Fahrenheit ( <sup>o</sup>F ),0,,,A60,0,San Jose-Jackson Street 
3661,2017-10-27,7,62.42,TEMP,Degrees Fahrenheit ( <sup>o</sup>F ),0,,,A60,0,San Jose-Jackson Street 
3661,2017-10-27,8,68.00,TEMP,Degrees Fahrenheit ( <sup>o</sup>F ),0,,,A60,0,San Jose-Jackson Street 
3661,2017-10-27,9,73.04,TEMP,Degrees Fahrenheit ( <sup>o</sup>F ),0,,,A60,0,San Jose-Jackson Street 
3661,2017-10-27,10,77.72,TEMP,Degrees Fahrenheit ( <sup>o</sup>F ),0,,,A60,0,San Jose-Jackson Street 
3661,2017-10-27,11,80.60,TEMP,Degrees Fahrenheit ( <sup>o</sup>F ),0,,,A60,0,San Jose-Jackson Street 
3661,2017-10-27,12,83.48,TEMP,Degrees Fahrenheit ( <sup>o</sup>F ),0,,,A60,0,San Jose-Jackson Street 
3661,2017-10-27,13,85.46,TEMP,Degrees Fahrenheit ( <sup>o</sup>F ),0,,,A60,0,San Jose-Jackson Street 
3661,2017-10-27,14,86.90,TEMP,Degrees Fahrenheit ( <sup>o</sup>F ),0,,,A60,0,San Jose-Jackson Street 
3661,2017-10-27,15,85.82,TEMP,Degrees Fahrenheit ( <sup>o</sup>F ),0,,,A60,0,San Jose-Jackson Street 
3661,2017-10-27,16,82.22,TEMP,Degrees Fahrenheit ( <sup>o</sup>F ),0,,,A60,0,San Jose-Jackson Street 
3661,2017-10-27,17,75.56,TEMP,Degrees Fahrenheit ( <sup>o</sup>F ),0,,,A60,0,San Jose-Jackson Street 
3661,2017-10-27,18,72.86,TEMP,Degrees Fahrenheit ( <sup>o</sup>F ),0,,,A60,0,San Jose-Jackson Street 
3661,2017-10-27,19,69.26,TEMP,Degrees Fahrenheit ( <sup>o</sup>F ),0,,,A60,0,San Jose-Jackson Street 
3661,2017-10-27,20,68.18,TEMP,Degrees Fahrenheit ( <sup>o</sup>F ),0,,,A60,0,San Jose-Jackson Street 
3661,2017-10-27,21,66.56,TEMP,Degrees Fahrenheit ( <sup>o</sup>F ),0,,,A60,0,San Jose-Jackson Street 
3661,2017-10-27,22,64.40,TEMP,Degrees Fahrenheit ( <sup>o</sup>F ),0,,,A60,0,San Jose-Jackson Street 
3661,2017-10-27,23,61.70,TEMP,Degrees Fahrenheit ( <sup>o</sup>F ),0,,,A60,0,San Jose-Jackson Street 
3661,2017-10-28,0,60.26,TEMP,Degrees Fahrenheit ( <sup>o</sup>F ),0,,,A60,0,San Jose-Jackson Street 
3661,2017-10-28,1,59.00,TEMP,Degrees Fahrenheit ( <sup>o</sup>F ),0,,,A60,0,San Jose-Jackson Street 
3661,2017-10-28,2,57.02,TEMP,Degrees Fahrenheit ( <sup>o</sup>F ),0,,,A60,0,San Jose-Jackson Street 
3661,2017-10-28,3,57.02,TEMP,Degrees Fahrenheit ( <sup>o</sup>F ),0,,,A60,0,San Jose-Jackson Street 
3661,2017-10-28,4,55.94,TEMP,Degrees Fahrenheit ( <sup>o</sup>F ),0,,,A60,0,San Jose-Jackson Street 
3661,2017-10-28,5,55.58,TEMP,Degrees Fahrenheit ( <sup>o</sup>F ),0,,,A60,0,San Jose-Jackson Street 
3661,2017-10-28,6,56.12,TEMP,Degrees Fahrenheit ( <sup>o</sup>F ),0,,,A60,0,San Jose-Jackson Street 
3661,2017-10-28,7,57.74,TEMP,Degrees Fahrenheit ( <sup>o</sup>F ),0,,,A60,0,San Jose-Jackson Street 
3661,2017-10-28,8,58.46,TEMP,Degrees Fahrenheit ( <sup>o</sup>F ),0,,,A60,0,San Jose-Jackson Street 
3661,2017-10-28,9,61.16,TEMP,Degrees Fahrenheit ( <sup>o</sup>F ),0,,,A60,0,San Jose-Jackson Street 
3661,2017-10-28,10,65.12,TEMP,Degrees Fahrenheit ( <sup>o</sup>F ),0,,,A60,0,San Jose-Jackson Street 
3661,2017-10-28,11,69.08,TEMP,Degrees Fahrenheit ( <sup>o</sup>F ),0,,,A60,0,San Jose-Jackson Street 
3661,2017-10-28,12,72.86,TEMP,Degrees Fahrenheit ( <sup>o</sup>F ),0,,,A60,0,San Jose-Jackson Street 
3661,2017-10-28,13,75.56,TEMP,Degrees Fahrenheit ( <sup>o</sup>F ),0,,,A60,0,San Jose-Jackson Street 
3661,2017-10-28,14,77.00,TEMP,Degrees Fahrenheit ( <sup>o</sup>F ),0,,,A60,0,San Jose-Jackson Street 
3661,2017-10-28,15,75.56,TEMP,Degrees Fahrenheit ( <sup>o</sup>F ),0,,,A60,0,San Jose-Jackson Street 
3661,2017-10-28,16,70.52,TEMP,Degrees Fahrenheit ( <sup>o</sup>F ),0,,,A60,0,San Jose-Jackson Street 
3661,2017-10-28,17,64.76,TEMP,Degrees Fahrenheit ( <sup>o</sup>F ),0,,,A60,0,San Jose-Jackson Street 
3661,2017-10-28,18,61.70,TEMP,Degrees Fahrenheit ( <sup>o</sup>F ),0,,,A60,0,San Jose-Jackson Street 
3661,2017-10-28,19,59.90,TEMP,Degrees Fahrenheit ( <sup>o</sup>F ),0,,,A60,0,San Jose-Jackson Street 
3661,2017-10-28,20,58.46,TEMP,Degrees Fahrenheit ( <sup>o</sup>F ),0,,,A60,0,San Jose-Jackson Street 
3661,2017-10-28,21,57.02,TEMP,Degrees Fahrenheit ( <sup>o</sup>F ),0,,,A60,0,San Jose-Jackson Street 
3661,2017-10-28,22,57.38,TEMP,Degrees Fahrenheit ( <sup>o</sup>F ),0,,,A60,0,San Jose-Jackson Street 
3661,2017-10-28,23,57.02,TEMP,Degrees Fahrenheit ( <sup>o</sup>F ),0,,,A60,0,San Jose-Jackson Street 
3661,2017-10-29,0,57.02,TEMP,Degrees Fahrenheit ( <sup>o</sup>F ),0,,,A60,0,San Jose-Jackson Street 
3661,2017-10-29,1,57.02,TEMP,Degrees Fahrenheit ( <sup>o</sup>F ),0,,,A60,0,San Jose-Jackson Street 
3661,2017-10-29,2,57.02,TEMP,Degrees Fahrenheit ( <sup>o</sup>F ),0,,,A60,0,San Jose-Jackson Street 
3661,2017-10-29,3,57.02,TEMP,Degrees Fahrenheit ( <sup>o</sup>F ),0,,,A60,0,San Jose-Jackson Street 
3661,2017-10-29,4,57.02,TEMP,Degrees Fahrenheit ( <sup>o</sup>F ),0,,,A60,0,San Jose-Jackson Street 
3661,2017-10-29,5,57.02,TEMP,Degrees Fahrenheit ( <sup>o</sup>F ),0,,,A60,0,San Jose-Jackson Street 
3661,2017-10-29,6,56.84,TEMP,Degrees Fahrenheit ( <sup>o</sup>F ),0,,,A60,0,San Jose-Jackson Street 
3661,2017-10-29,7,57.02,TEMP,Degrees Fahrenheit ( <sup>o</sup>F ),0,,,A60,0,San Jose-Jackson Street 
3661,2017-10-29,8,57.56,TEMP,Degrees Fahrenheit ( <sup>o</sup>F ),0,,,A60,0,San Jose-Jackson Street 
3661,2017-10-29,9,58.46,TEMP,Degrees Fahrenheit ( <sup>o</sup>F ),0,,,A60,0,San Jose-Jackson Street 
3661,2017-10-29,10,59.90,TEMP,Degrees Fahrenheit ( <sup>o</sup>F ),0,,,A60,0,San Jose-Jackson Street 
3661,2017-10-29,11,61.70,TEMP,Degrees Fahrenheit ( <sup>o</sup>F ),0,,,A60,0,San Jose-Jackson Street 
3661,2017-10-29,12,61.88,TEMP,Degrees Fahrenheit ( <sup>o</sup>F ),0,,,A60,0,San Jose-Jackson Street 
3661,2017-10-29,13,64.04,TEMP,Degrees Fahrenheit ( <sup>o</sup>F ),0,,,A60,0,San Jose-Jackson Street 
3661,2017-10-29,14,65.30,TEMP,Degrees Fahrenheit ( <sup>o</sup>F ),0,,,A60,0,San Jose-Jackson Street 
3661,2017-10-29,15,66.56,TEMP,Degrees Fahrenheit ( <sup>o</sup>F ),0,,,A60,0,San Jose-Jackson Street 
3661,2017-10-29,16,66.92,TEMP,Degrees Fahrenheit ( <sup>o</sup>F ),0,,,A60,0,San Jose-Jackson Street 
3661,2017-10-29,17,64.04,TEMP,Degrees Fahrenheit ( <sup>o</sup>F ),0,,,A60,0,San Jose-Jackson Street 
3661,2017-10-29,18,60.80,TEMP,Degrees Fahrenheit ( <sup>o</sup>F ),0,,,A60,0,San Jose-Jackson Street 
3661,2017-10-29,19,57.92,TEMP,Degrees Fahrenheit ( <sup>o</sup>F ),0,,,A60,0,San Jose-Jackson Street 
3661,2017-10-29,20,57.38,TEMP,Degrees Fahrenheit ( <sup>o</sup>F ),0,,,A60,0,San Jose-Jackson Street 
3661,2017-10-29,21,57.56,TEMP,Degrees Fahrenheit ( <sup>o</sup>F ),0,,,A60,0,San Jose-Jackson Street 
3661,2017-10-29,22,57.56,TEMP,Degrees Fahrenheit ( <sup>o</sup>F ),0,,,A60,0,San Jose-Jackson Street 
3661,2017-10-29,23,56.84,TEMP,Degrees Fahrenheit ( <sup>o</sup>F ),0,,,A60,0,San Jose-Jackson Street 
3661,2017-10-30,0,55.94,TEMP,Degrees Fahrenheit ( <sup>o</sup>F ),0,,,A60,0,San Jose-Jackson Street 
3661,2017-10-30,1,55.94,TEMP,Degrees Fahrenheit ( <sup>o</sup>F ),0,,,A60,0,San Jose-Jackson Street 
3661,2017-10-30,2,55.04,TEMP,Degrees Fahrenheit ( <sup>o</sup>F ),0,,,A60,0,San Jose-Jackson Street 
3661,2017-10-30,3,55.04,TEMP,Degrees Fahrenheit ( <sup>o</sup>F ),0,,,A60,0,San Jose-Jackson Street 
3661,2017-10-30,4,55.04,TEMP,Degrees Fahrenheit ( <sup>o</sup>F ),0,,,A60,0,San Jose-Jackson Street 
3661,2017-10-30,5,55.04,TEMP,Degrees Fahrenheit ( <sup>o</sup>F ),0,,,A60,0,San Jose-Jackson Street 
3661,2017-10-30,6,55.04,TEMP,Degrees Fahrenheit ( <sup>o</sup>F ),0,,,A60,0,San Jose-Jackson Street 
3661,2017-10-30,7,55.22,TEMP,Degrees Fahrenheit ( <sup>o</sup>F ),0,,,A60,0,San Jose-Jackson Street 
3661,2017-10-30,8,56.84,TEMP,Degrees Fahrenheit ( <sup>o</sup>F ),0,,,A60,0,San Jose-Jackson Street 
3661,2017-10-30,9,59.18,TEMP,Degrees Fahrenheit ( <sup>o</sup>F ),0,,,A60,0,San Jose-Jackson Street 
3661,2017-10-30,10,60.98,TEMP,Degrees Fahrenheit ( <sup>o</sup>F ),0,,,A60,0,San Jose-Jackson Street 
3661,2017-10-30,11,63.86,TEMP,Degrees Fahrenheit ( <sup>o</sup>F ),0,,,A60,0,San Jose-Jackson Street 
3661,2017-10-30,12,66.02,TEMP,Degrees Fahrenheit ( <sup>o</sup>F ),0,,,A60,0,San Jose-Jackson Street 
3661,2017-10-30,13,66.74,TEMP,Degrees Fahrenheit ( <sup>o</sup>F ),0,,,A60,0,San Jose-Jackson Street 
3661,2017-10-30,14,66.56,TEMP,Degrees Fahrenheit ( <sup>o</sup>F ),0,,,A60,0,San Jose-Jackson Street 
3661,2017-10-30,15,64.22,TEMP,Degrees Fahrenheit ( <sup>o</sup>F ),0,,,A60,0,San Jose-Jackson Street 
3661,2017-10-30,16,61.52,TEMP,Degrees Fahrenheit ( <sup>o</sup>F ),0,,,A60,0,San Jose-Jackson Street 
3661,2017-10-30,17,59.54,TEMP,Degrees Fahrenheit ( <sup>o</sup>F ),0,,,A60,0,San Jose-Jackson Street 
3661,2017-10-30,18,58.46,TEMP,Degrees Fahrenheit ( <sup>o</sup>F ),0,,,A60,0,San Jose-Jackson Street 
3661,2017-10-30,19,59.00,TEMP,Degrees Fahrenheit ( <sup>o</sup>F ),0,,,A60,0,San Jose-Jackson Street 
3661,2017-10-30,20,58.28,TEMP,Degrees Fahrenheit ( <sup>o</sup>F ),0,,,A60,0,San Jose-Jackson Street 
3661,2017-10-30,21,57.92,TEMP,Degrees Fahrenheit ( <sup>o</sup>F ),0,,,A60,0,San Jose-Jackson Street 
3661,2017-10-30,22,57.92,TEMP,Degrees Fahrenheit ( <sup>o</sup>F ),0,,,A60,0,San Jose-Jackson Street 
3661,2017-10-30,23,58.10,TEMP,Degrees Fahrenheit ( <sup>o</sup>F ),0,,,A60,0,San Jose-Jackson Street 
3661,2017-10-31,0,57.92,TEMP,Degrees Fahrenheit ( <sup>o</sup>F ),0,,,A60,0,San Jose-Jackson Street 
3661,2017-10-31,1,58.10,TEMP,Degrees Fahrenheit ( <sup>o</sup>F ),0,,,A60,0,San Jose-Jackson Street 
3661,2017-10-31,2,58.10,TEMP,Degrees Fahrenheit ( <sup>o</sup>F ),0,,,A60,0,San Jose-Jackson Street 
3661,2017-10-31,3,58.28,TEMP,Degrees Fahrenheit ( <sup>o</sup>F ),0,,,A60,0,San Jose-Jackson Street 
3661,2017-10-31,4,57.92,TEMP,Degrees Fahrenheit ( <sup>o</sup>F ),0,,,A60,0,San Jose-Jackson Street 
3661,2017-10-31,5,57.92,TEMP,Degrees Fahrenheit ( <sup>o</sup>F ),0,,,A60,0,San Jose-Jackson Street 
3661,2017-10-31,6,56.30,TEMP,Degrees Fahrenheit ( <sup>o</sup>F ),0,,,A60,0,San Jose-Jackson Street 
3661,2017-10-31,7,58.46,TEMP,Degrees Fahrenheit ( <sup>o</sup>F ),0,,,A60,0,San Jose-Jackson Street 
3661,2017-10-31,8,59.36,TEMP,Degrees Fahrenheit ( <sup>o</sup>F ),0,,,A60,0,San Jose-Jackson Street 
3661,2017-10-31,9,62.06,TEMP,Degrees Fahrenheit ( <sup>o</sup>F ),0,,,A60,0,San Jose-Jackson Street 
3661,2017-10-31,10,64.04,TEMP,Degrees Fahrenheit ( <sup>o</sup>F ),0,,,A60,0,San Jose-Jackson Street 
3661,2017-10-31,11,66.74,TEMP,Degrees Fahrenheit ( <sup>o</sup>F ),0,,,A60,0,San Jose-Jackson Street 
3661,2017-10-31,12,68.54,TEMP,Degrees Fahrenheit ( <sup>o</sup>F ),0,,,A60,0,San Jose-Jackson Street 
3661,2017-10-31,13,69.98,TEMP,Degrees Fahrenheit ( <sup>o</sup>F ),0,,,A60,0,San Jose-Jackson Street 
3661,2017-10-31,14,69.98,TEMP,Degrees Fahrenheit ( <sup>o</sup>F ),0,,,A60,0,San Jose-Jackson Street 
3661,2017-10-31,15,69.80,TEMP,Degrees Fahrenheit ( <sup>o</sup>F ),0,,,A60,0,San Jose-Jackson Street 
3661,2017-10-31,16,65.48,TEMP,Degrees Fahrenheit ( <sup>o</sup>F ),0,,,A60,0,San Jose-Jackson Street
 
 Quality Flag Definition 
0, Valid observation 
1, The data supplier marked the observation as suspect - but it is still valid 
2, The automated qa routine judged the observation questionable and invalid 
3, The automated qa routine judged the observation invalid  
4, The data supplier flagged the observation invalid  
5, The observation was flagged invalid manually  

Data extracted from mrgd database: 
July 22, 2019 at 19:56:19
  
